"grp","vcov","sdcor","Percent","Rmse","Heritability","R_squared","Env"
"Pedigree",1.29756073349135,1.13910523372134,28.19,1.15781275182323,0.557,0.550711522419106,"DEH1.2020"
"Pass",0.82333820807002,0.907379858752673,17.89,1.15781275182323,0.557,0.550711522419106,"DEH1.2020"
"Range",0.348179679599673,0.590067521220811,7.57,1.15781275182323,0.557,0.550711522419106,"DEH1.2020"
"Replicate",0.0654699072051692,0.25587087994762,1.42,1.15781275182323,0.557,0.550711522419106,"DEH1.2020"
"Residual",2.06776761209281,1.43797343928628,44.93,1.15781275182323,0.557,0.550711522419106,"DEH1.2020"
"Pedigree",0.528418605991263,0.726924071682361,16.56,1.16803210878947,0.373,0.442820893832773,"MIH1.2020"
"Pass",0.639191838529409,0.799494739525789,20.03,1.16803210878947,0.373,0.442820893832773,"MIH1.2020"
"Range",0.245464990362613,0.49544423537126,7.69,1.16803210878947,0.373,0.442820893832773,"MIH1.2020"
"Replicate",0,0,0,1.16803210878947,0.373,0.442820893832773,"MIH1.2020"
"Residual",1.77800126127848,1.33341713701245,55.72,1.16803210878947,0.373,0.442820893832773,"MIH1.2020"
"Pedigree",2.28341657059415,1.51109780312002,52.63,1.07592196637487,0.69,0.526811343458556,"MNH1.2020"
"Pass",0.00200546702768551,0.0447824410643894,0.05,1.07592196637487,0.69,0.526811343458556,"MNH1.2020"
"Range",2.43998107148908e-06,0.00156204387630088,0,1.07592196637487,0.69,0.526811343458556,"MNH1.2020"
"Replicate",6.08043968827447e-09,7.79771741490705e-05,0,1.07592196637487,0.69,0.526811343458556,"MNH1.2020"
"Residual",2.0527973713727,1.43275865775528,47.32,1.07592196637487,0.69,0.526811343458556,"MNH1.2020"
"Pedigree",0.810296801202902,0.900164874455176,30.92,0.982289879007798,0.526,0.442817995484902,"MOH1.2020"
"Pass",0.256595885107666,0.506552944032177,9.79,0.982289879007798,0.526,0.442817995484902,"MOH1.2020"
"Range",0.091434882654219,0.302382014435745,3.49,0.982289879007798,0.526,0.442817995484902,"MOH1.2020"
"Replicate",0.00229693454222309,0.0479263449704136,0.09,0.982289879007798,0.526,0.442817995484902,"MOH1.2020"
"Residual",1.4603721934228,1.20845860227929,55.72,0.982289879007798,0.526,0.442817995484902,"MOH1.2020"
"Pedigree",2.17258866099588,1.4739703731744,38.18,1.09889242478453,0.691,0.658638265663736,"TXH1.2020"
"Pass",0.386859345873543,0.621980181254631,6.8,1.09889242478453,0.691,0.658638265663736,"TXH1.2020"
"Range",1.18802776443543,1.08996686391625,20.88,1.09889242478453,0.691,0.658638265663736,"TXH1.2020"
"Replicate",0,0,0,1.09889242478453,0.691,0.658638265663736,"TXH1.2020"
"Residual",1.94225707093803,1.39364883343618,34.14,1.09889242478453,0.691,0.658638265663736,"TXH1.2020"
"Pedigree",1.04310932115331,1.02132723509819,15.95,1.44554007406426,0.422,0.563864848568568,"TXH2.2020"
"Pass",0.968657501824647,0.984203994009701,14.81,1.44554007406426,0.422,0.563864848568568,"TXH2.2020"
"Range",1.67613999923194,1.29465825576943,25.63,1.44554007406426,0.422,0.563864848568568,"TXH2.2020"
"Replicate",0,0,0,1.44554007406426,0.422,0.563864848568568,"TXH2.2020"
"Residual",2.8525023406809,1.68893526835131,43.61,1.44554007406426,0.422,0.563864848568568,"TXH2.2020"
"Pedigree",0.30540840810884,0.552637682490834,6.18,1.67171296553219,0.158,0.340590626014609,"TXH3.2020"
"Pass",0.785411759882986,0.886234596415072,15.88,1.67171296553219,0.158,0.340590626014609,"TXH3.2020"
"Range",0.296138617604299,0.544186197550342,5.99,1.67171296553219,0.158,0.340590626014609,"TXH3.2020"
"Replicate",0.297132903307047,0.545098984870681,6.01,1.67171296553219,0.158,0.340590626014609,"TXH3.2020"
"Residual",3.26052968429615,1.80569368506847,65.94,1.67171296553219,0.158,0.340590626014609,"TXH3.2020"
"Pedigree",2.10015683321553,1.44919178620897,32.21,1.28484673019997,0.601,0.571762444581207,"WIH1.2020"
"Range",0.138407247883011,0.37203124584235,2.12,1.28484673019997,0.601,0.571762444581207,"WIH1.2020"
"Pass",0.570723997857825,0.755462770663006,8.75,1.28484673019997,0.601,0.571762444581207,"WIH1.2020"
"Replicate",0.91927735010321,0.958789523359121,14.1,1.28484673019997,0.601,0.571762444581207,"WIH1.2020"
"Residual",2.79261389007287,1.67111157319698,42.82,1.28484673019997,0.601,0.571762444581207,"WIH1.2020"
"Pedigree",3.34258335766372,1.82827332684796,35.07,1.87033927522499,0.556,0.440425598105762,"WIH2.2020"
"Pass",0.660863901556271,0.812935361241145,6.93,1.87033927522499,0.556,0.440425598105762,"WIH2.2020"
"Range",0.194469693788002,0.440987180979223,2.04,1.87033927522499,0.556,0.440425598105762,"WIH2.2020"
"Replicate",0,0,0,1.87033927522499,0.556,0.440425598105762,"WIH2.2020"
"Residual",5.33358387497051,2.3094553199771,55.96,1.87033927522499,0.556,0.440425598105762,"WIH2.2020"
"Pedigree",2.24720828260291,1.49906913870005,30.22,1.88778416594694,0.475,0.332317397968921,"WIH3.2020"
"Pass",0.176492279839046,0.420109842587681,2.37,1.88778416594694,0.475,0.332317397968921,"WIH3.2020"
"Range",0.0477715346092532,0.218567002562723,0.64,1.88778416594694,0.475,0.332317397968921,"WIH3.2020"
"Replicate",1.83045914776389e-09,4.27838655075005e-05,0,1.88778416594694,0.475,0.332317397968921,"WIH3.2020"
"Residual",4.96561098490199,2.22836509237198,66.77,1.88778416594694,0.475,0.332317397968921,"WIH3.2020"
"Pedigree",1.92623003645775,1.38788689613302,31.81,0.848293269535674,0.728,0.762867620484783,"MNH1.2021"
"Pass",0.0873699832800266,0.295584139087378,1.44,0.848293269535674,0.728,0.762867620484783,"MNH1.2021"
"Range",1.57570329030434,1.25527020609283,26.02,0.848293269535674,0.728,0.762867620484783,"MNH1.2021"
"Replicate",1.03003557292441,1.01490668187987,17.01,0.848293269535674,0.728,0.762867620484783,"MNH1.2021"
"Residual",1.43589109262355,1.19828673222378,23.71,0.848293269535674,0.728,0.762867620484783,"MNH1.2021"
"Pedigree",8.40822888890546,2.89969461993939,62.63,1.66270565774691,0.788,0.66225083022038,"NEH1.2021"
"Range",2.42793813629299e-09,4.92741122324187e-05,0,1.66270565774691,0.788,0.66225083022038,"NEH1.2021"
"Pass",0.463161280314765,0.680559534732095,3.45,1.66270565774691,0.788,0.66225083022038,"NEH1.2021"
"Replicate",0.0198580755509045,0.140918684179581,0.15,1.66270565774691,0.788,0.66225083022038,"NEH1.2021"
"Residual",4.5345533395506,2.12944906948971,33.77,1.66270565774691,0.788,0.66225083022038,"NEH1.2021"
"Pedigree",0.711439788506279,0.843468901920088,11.8,1.74868535532089,0.274,0.374904033157634,"TXH1.2021"
"Pass",0.409905041345077,0.640238269197552,6.8,1.74868535532089,0.274,0.374904033157634,"TXH1.2021"
"Range",0.984393490691202,0.992166060037936,16.33,1.74868535532089,0.274,0.374904033157634,"TXH1.2021"
"Replicate",0.154051759215109,0.392494279213225,2.56,1.74868535532089,0.274,0.374904033157634,"TXH1.2021"
"Residual",3.76785934488191,1.94109745888297,62.51,1.74868535532089,0.274,0.374904033157634,"TXH1.2021"
"Pedigree",1.84642693618036,1.35883293166613,28.05,1.39302549434174,0.558,0.555795600297407,"TXH2.2021"
"Pass",0.533543726499773,0.730440775490917,8.11,1.39302549434174,0.558,0.555795600297407,"TXH2.2021"
"Range",0.38154267587038,0.617691408286031,5.8,1.39302549434174,0.558,0.555795600297407,"TXH2.2021"
"Replicate",0.896880559756226,0.947037781588584,13.63,1.39302549434174,0.558,0.555795600297407,"TXH2.2021"
"Residual",2.92387105008279,1.70993305426932,44.42,1.39302549434174,0.558,0.555795600297407,"TXH2.2021"
"Pedigree",0.62296761968764,0.789282978207208,4.35,0.828819522449222,0.545,0.927473284237243,"TXH3.2021"
"Pass",12.1325455959545,3.48318038521615,84.67,0.828819522449222,0.545,0.927473284237243,"TXH3.2021"
"Range",0.224899919644127,0.474236143333811,1.57,0.828819522449222,0.545,0.927473284237243,"TXH3.2021"
"Replicate",0.309152702476426,0.556015020009735,2.16,0.828819522449222,0.545,0.927473284237243,"TXH3.2021"
"Residual",1.03921976029588,1.01942128695445,7.25,0.828819522449222,0.545,0.927473284237243,"TXH3.2021"
"Pedigree",3.59530873527189,1.89612993628387,60.48,0.967815948089397,0.777,0.651969776484161,"WIH1.2021"
"Range",0,0,0,0.967815948089397,0.777,0.651969776484161,"WIH1.2021"
"Pass",0.28023035223387,0.529367879866043,4.71,0.967815948089397,0.777,0.651969776484161,"WIH1.2021"
"Replicate",0,0,0,0.967815948089397,0.777,0.651969776484161,"WIH1.2021"
"Residual",2.06881481859883,1.43833751901243,34.8,0.967815948089397,0.777,0.651969776484161,"WIH1.2021"
"Pedigree",2.45735628160579,1.56759570094007,39.33,1.3970167093163,0.612,0.502147411889738,"WIH2.2021"
"Pass",0.106667729373298,0.326600259297659,1.71,1.3970167093163,0.612,0.502147411889738,"WIH2.2021"
"Range",0.570707298175082,0.755451717964214,9.14,1.3970167093163,0.612,0.502147411889738,"WIH2.2021"
"Replicate",0.00234866153493884,0.0484629913948658,0.04,1.3970167093163,0.612,0.502147411889738,"WIH2.2021"
"Residual",3.11024879454996,1.76358974666728,49.79,1.3970167093163,0.612,0.502147411889738,"WIH2.2021"
"Pedigree",2.38052772013915,1.54289588765384,37.95,1.10754784973325,0.683,0.647979809791151,"WIH3.2021"
"Pass",1.68016328406927,1.29621112634836,26.78,1.10754784973325,0.683,0.647979809791151,"WIH3.2021"
"Range",0,0,0,1.10754784973325,0.683,0.647979809791151,"WIH3.2021"
"Replicate",0.00431081196696786,0.0656567739610153,0.07,1.10754784973325,0.683,0.647979809791151,"WIH3.2021"
"Residual",2.20834459794447,1.48604999846724,35.2,1.10754784973325,0.683,0.647979809791151,"WIH3.2021"
"Pedigree",1.11135508137471,1.05420827229476,32.94,0.920292086576542,0.615,0.587488568659331,"IAH4.2021"
"Range",0.63948202582796,0.799676200613698,18.95,0.920292086576542,0.615,0.587488568659331,"IAH4.2021"
"Pass",0.231206208499969,0.480839067152378,6.85,0.920292086576542,0.615,0.587488568659331,"IAH4.2021"
"Replicate",0,0,0,0.920292086576542,0.615,0.587488568659331,"IAH4.2021"
"Residual",1.39171307963579,1.17970889614167,41.25,0.920292086576542,0.615,0.587488568659331,"IAH4.2021"
