Seed_Num,Female,Fold
1,B14A,2
1,B37,4
1,B73,3
1,CG119,4
1,CG44,5
1,F42,1
1,LH74,1
1,PHG39,5
1,PHW52,5
1,TX714,2
1,W10004_0007,2
1,W10004_0011,1
1,W10004_0014,3
1,W10004_0018,5
1,W10004_0026,2
1,W10004_0032,1
1,W10004_0037,2
1,W10004_0038,2
1,W10004_0041,1
1,W10004_0045,3
1,W10004_0046,3
1,W10004_0047,4
1,W10004_0053,1
1,W10004_0055,5
1,W10004_0061,3
1,W10004_0062,2
1,W10004_0064,4
1,W10004_0065,1
1,W10004_0068,2
1,W10004_0069,4
1,W10004_0071,2
1,W10004_0072,5
1,W10004_0073,1
1,W10004_0076,4
1,W10004_0080,3
1,W10004_0092,4
1,W10004_0093,4
1,W10004_0095,1
1,W10004_0097,1
1,W10004_0099,3
1,W10004_0103,2
1,W10004_0112,5
1,W10004_0118,5
1,W10004_0119,1
1,W10004_0127,5
1,W10004_0129,1
1,W10004_0132,3
1,W10004_0134,3
1,W10004_0138,1
1,W10004_0140,5
1,W10004_0146,3
1,W10004_0147,1
1,W10004_0148,4
1,W10004_0152,5
1,W10004_0153,3
1,W10004_0160,1
1,W10004_0166,4
1,W10004_0168,1
1,W10004_0185,3
1,W10004_0190,3
1,W10004_0192,5
1,W10004_0197,5
1,W10004_0199,4
1,W10004_0200,3
1,W10004_0203,2
1,W10004_0204,1
1,W10004_0206,4
1,W10004_0212,5
1,W10004_0213,1
1,W10004_0217,5
1,W10004_0220,5
1,W10004_0221,4
1,W10004_0223,1
1,W10004_0224,4
1,W10004_0225,3
1,W10004_0227,2
1,W10004_0231,5
1,W10004_0241,4
1,W10004_0254,1
1,W10004_0258,3
1,W10004_0261,5
1,W10004_0262,5
1,W10004_0264,2
1,W10004_0268,3
1,W10004_0276,2
1,W10004_0292,5
1,W10004_0299,3
1,W10004_0306,2
1,W10004_0308,4
1,W10004_0344,2
1,W10004_0380,5
1,W10004_0381,5
1,W10004_0383,5
1,W10004_0389,5
1,W10004_0403,1
1,W10004_0409,1
1,W10004_0410,2
1,W10004_0419,4
1,W10004_0427,4
1,W10004_0430,4
1,W10004_0465,4
1,W10004_0474,3
1,W10004_0487,2
1,W10004_0498,4
1,W10004_0501,3
1,W10004_0505,2
1,W10004_0601,3
1,W10004_0608,2
1,W10004_0612,4
1,W10004_0614,3
1,W10004_0616,4
1,W10004_0618,4
1,W10004_0619,1
1,W10004_0624,4
1,W10004_0625,1
1,W10004_0626,5
1,W10004_0628,2
1,W10004_0637,5
1,W10004_0639,5
1,W10004_0644,1
1,W10004_0645,5
1,W10004_0646,2
1,W10004_0649,2
1,W10004_0651,2
1,W10004_0654,3
1,W10004_0658,2
1,W10004_0661,3
1,W10004_0667,5
1,W10004_0672,2
1,W10004_0678,4
1,W10004_0682,2
1,W10004_0684,3
1,W10004_0685,2
1,W10004_0687,5
1,W10004_0688,5
1,W10004_0689,4
1,W10004_0696,3
1,W10004_0697,4
1,W10004_0701,1
1,W10004_0702,3
1,W10004_0705,1
1,W10004_0712,3
1,W10004_0713,2
1,W10004_0714,3
1,W10004_0729,2
1,W10004_0736,2
1,W10004_0741,1
1,W10004_0745,1
1,W10004_0746,3
1,W10004_0756,4
1,W10004_0757,5
1,W10004_0768,3
1,W10004_0774,5
1,W10004_0775,5
1,W10004_0779,5
1,W10004_0781,1
1,W10004_0782,3
1,W10004_0789,2
1,W10004_0794,1
1,W10004_0798,3
1,W10004_0799,2
1,W10004_0801,3
1,W10004_0802,2
1,W10004_0803,1
1,W10004_0806,2
1,W10004_0807,3
1,W10004_0812,5
1,W10004_0814,2
1,W10004_0815,4
1,W10004_0818,1
1,W10004_0823,4
1,W10004_0827,1
1,W10004_0828,5
1,W10004_0832,4
1,W10004_0833,4
1,W10004_0834,3
1,W10004_0836,1
1,W10004_0842,5
1,W10004_0848,2
1,W10004_0859,5
1,W10004_0866,5
1,W10004_0868,1
1,W10004_0869,1
1,W10004_0877,1
1,W10004_0884,4
1,W10004_0885,1
1,W10004_0891,1
1,W10004_0900,2
1,W10004_0907,5
1,W10004_0913,2
1,W10004_0916,4
1,W10004_0928,2
1,W10004_0932,3
1,W10004_0940,3
1,W10004_0949,4
1,W10004_0955,4
1,W10004_0956,4
1,W10004_0965,2
1,W10004_0966,5
1,W10004_0974,1
1,W10004_0975,1
1,W10004_0981,4
1,W10004_0982,4
1,W10004_0984,5
1,W10004_1000,3
1,W10004_1002,1
1,W10004_1004,4
1,W10004_1011,3
1,W10004_1015,3
1,W10004_1032,2
1,W10004_1045,3
1,W10004_1052,3
1,W10004_1057,4
1,W10004_1072,1
1,W10004_1081,4
1,W10004_1084,3
1,W10004_1099,1
1,W10004_1104,2
1,W10004_1105,4
1,W10004_1112,2
1,W10004_1117,3
1,W10004_1118,2
1,W10004_1140,4
2,B14A,2
2,B37,5
2,B73,5
2,CG119,1
2,CG44,4
2,F42,4
2,LH74,1
2,PHG39,3
2,PHW52,5
2,TX714,5
2,W10004_0007,3
2,W10004_0011,1
2,W10004_0014,4
2,W10004_0018,2
2,W10004_0026,5
2,W10004_0032,3
2,W10004_0037,2
2,W10004_0038,3
2,W10004_0041,2
2,W10004_0045,2
2,W10004_0046,5
2,W10004_0047,1
2,W10004_0053,2
2,W10004_0055,3
2,W10004_0061,3
2,W10004_0062,4
2,W10004_0064,1
2,W10004_0065,5
2,W10004_0068,3
2,W10004_0069,4
2,W10004_0071,4
2,W10004_0072,1
2,W10004_0073,3
2,W10004_0076,2
2,W10004_0080,1
2,W10004_0092,3
2,W10004_0093,4
2,W10004_0095,5
2,W10004_0097,5
2,W10004_0099,3
2,W10004_0103,3
2,W10004_0112,5
2,W10004_0118,1
2,W10004_0119,3
2,W10004_0127,2
2,W10004_0129,5
2,W10004_0132,5
2,W10004_0134,5
2,W10004_0138,1
2,W10004_0140,1
2,W10004_0146,4
2,W10004_0147,5
2,W10004_0148,1
2,W10004_0152,4
2,W10004_0153,3
2,W10004_0160,2
2,W10004_0166,3
2,W10004_0168,1
2,W10004_0185,1
2,W10004_0190,4
2,W10004_0192,5
2,W10004_0197,3
2,W10004_0199,5
2,W10004_0200,2
2,W10004_0203,1
2,W10004_0204,1
2,W10004_0206,2
2,W10004_0212,4
2,W10004_0213,3
2,W10004_0217,2
2,W10004_0220,3
2,W10004_0221,3
2,W10004_0223,3
2,W10004_0224,4
2,W10004_0225,2
2,W10004_0227,3
2,W10004_0231,4
2,W10004_0241,1
2,W10004_0254,5
2,W10004_0258,2
2,W10004_0261,3
2,W10004_0262,1
2,W10004_0264,2
2,W10004_0268,2
2,W10004_0276,4
2,W10004_0292,2
2,W10004_0299,4
2,W10004_0306,1
2,W10004_0308,1
2,W10004_0344,1
2,W10004_0380,2
2,W10004_0381,4
2,W10004_0383,3
2,W10004_0389,5
2,W10004_0403,5
2,W10004_0409,4
2,W10004_0410,1
2,W10004_0419,5
2,W10004_0427,2
2,W10004_0430,1
2,W10004_0465,3
2,W10004_0474,4
2,W10004_0487,4
2,W10004_0498,1
2,W10004_0501,1
2,W10004_0505,1
2,W10004_0601,3
2,W10004_0608,4
2,W10004_0612,3
2,W10004_0614,1
2,W10004_0616,5
2,W10004_0618,1
2,W10004_0619,1
2,W10004_0624,5
2,W10004_0625,2
2,W10004_0626,5
2,W10004_0628,5
2,W10004_0637,5
2,W10004_0639,5
2,W10004_0644,4
2,W10004_0645,2
2,W10004_0646,2
2,W10004_0649,2
2,W10004_0651,3
2,W10004_0654,2
2,W10004_0658,5
2,W10004_0661,2
2,W10004_0667,2
2,W10004_0672,4
2,W10004_0678,4
2,W10004_0682,2
2,W10004_0684,1
2,W10004_0685,4
2,W10004_0687,4
2,W10004_0688,4
2,W10004_0689,5
2,W10004_0696,3
2,W10004_0697,3
2,W10004_0701,1
2,W10004_0702,1
2,W10004_0705,2
2,W10004_0712,2
2,W10004_0713,5
2,W10004_0714,4
2,W10004_0729,1
2,W10004_0736,5
2,W10004_0741,1
2,W10004_0745,4
2,W10004_0746,1
2,W10004_0756,2
2,W10004_0757,1
2,W10004_0768,5
2,W10004_0774,5
2,W10004_0775,2
2,W10004_0779,2
2,W10004_0781,4
2,W10004_0782,3
2,W10004_0789,2
2,W10004_0794,4
2,W10004_0798,3
2,W10004_0799,1
2,W10004_0801,2
2,W10004_0802,3
2,W10004_0803,5
2,W10004_0806,2
2,W10004_0807,2
2,W10004_0812,1
2,W10004_0814,1
2,W10004_0815,5
2,W10004_0818,4
2,W10004_0823,5
2,W10004_0827,3
2,W10004_0828,1
2,W10004_0832,5
2,W10004_0833,4
2,W10004_0834,4
2,W10004_0836,2
2,W10004_0842,3
2,W10004_0848,3
2,W10004_0859,3
2,W10004_0866,5
2,W10004_0868,5
2,W10004_0869,4
2,W10004_0877,1
2,W10004_0884,2
2,W10004_0885,1
2,W10004_0891,2
2,W10004_0900,2
2,W10004_0907,5
2,W10004_0913,4
2,W10004_0916,2
2,W10004_0928,3
2,W10004_0932,1
2,W10004_0940,1
2,W10004_0949,3
2,W10004_0955,4
2,W10004_0956,5
2,W10004_0965,1
2,W10004_0966,5
2,W10004_0974,2
2,W10004_0975,1
2,W10004_0981,3
2,W10004_0982,4
2,W10004_0984,3
2,W10004_1000,4
2,W10004_1002,3
2,W10004_1004,4
2,W10004_1011,3
2,W10004_1015,5
2,W10004_1032,4
2,W10004_1045,2
2,W10004_1052,2
2,W10004_1057,4
2,W10004_1072,3
2,W10004_1081,3
2,W10004_1084,4
2,W10004_1099,4
2,W10004_1104,4
2,W10004_1105,3
2,W10004_1112,4
2,W10004_1117,3
2,W10004_1118,2
2,W10004_1140,5
3,B14A,1
3,B37,5
3,B73,4
3,CG119,1
3,CG44,5
3,F42,3
3,LH74,4
3,PHG39,1
3,PHW52,2
3,TX714,5
3,W10004_0007,4
3,W10004_0011,2
3,W10004_0014,3
3,W10004_0018,5
3,W10004_0026,1
3,W10004_0032,5
3,W10004_0037,4
3,W10004_0038,3
3,W10004_0041,5
3,W10004_0045,4
3,W10004_0046,4
3,W10004_0047,5
3,W10004_0053,3
3,W10004_0055,3
3,W10004_0061,1
3,W10004_0062,4
3,W10004_0064,4
3,W10004_0065,1
3,W10004_0068,1
3,W10004_0069,1
3,W10004_0071,5
3,W10004_0072,4
3,W10004_0073,2
3,W10004_0076,5
3,W10004_0080,1
3,W10004_0092,5
3,W10004_0093,2
3,W10004_0095,1
3,W10004_0097,2
3,W10004_0099,3
3,W10004_0103,2
3,W10004_0112,3
3,W10004_0118,3
3,W10004_0119,5
3,W10004_0127,4
3,W10004_0129,2
3,W10004_0132,1
3,W10004_0134,1
3,W10004_0138,4
3,W10004_0140,3
3,W10004_0146,4
3,W10004_0147,3
3,W10004_0148,2
3,W10004_0152,1
3,W10004_0153,3
3,W10004_0160,3
3,W10004_0166,2
3,W10004_0168,3
3,W10004_0185,5
3,W10004_0190,2
3,W10004_0192,2
3,W10004_0197,3
3,W10004_0199,2
3,W10004_0200,4
3,W10004_0203,1
3,W10004_0204,3
3,W10004_0206,3
3,W10004_0212,2
3,W10004_0213,2
3,W10004_0217,1
3,W10004_0220,3
3,W10004_0221,2
3,W10004_0223,4
3,W10004_0224,2
3,W10004_0225,5
3,W10004_0227,2
3,W10004_0231,4
3,W10004_0241,4
3,W10004_0254,5
3,W10004_0258,1
3,W10004_0261,2
3,W10004_0262,1
3,W10004_0264,4
3,W10004_0268,1
3,W10004_0276,4
3,W10004_0292,3
3,W10004_0299,4
3,W10004_0306,4
3,W10004_0308,3
3,W10004_0344,5
3,W10004_0380,5
3,W10004_0381,4
3,W10004_0383,2
3,W10004_0389,2
3,W10004_0403,1
3,W10004_0409,4
3,W10004_0410,3
3,W10004_0419,3
3,W10004_0427,4
3,W10004_0430,1
3,W10004_0465,5
3,W10004_0474,2
3,W10004_0487,5
3,W10004_0498,4
3,W10004_0501,2
3,W10004_0505,4
3,W10004_0601,3
3,W10004_0608,1
3,W10004_0612,1
3,W10004_0614,3
3,W10004_0616,3
3,W10004_0618,4
3,W10004_0619,5
3,W10004_0624,2
3,W10004_0625,3
3,W10004_0626,3
3,W10004_0628,4
3,W10004_0637,2
3,W10004_0639,1
3,W10004_0644,3
3,W10004_0645,1
3,W10004_0646,5
3,W10004_0649,3
3,W10004_0651,4
3,W10004_0654,1
3,W10004_0658,4
3,W10004_0661,4
3,W10004_0667,1
3,W10004_0672,5
3,W10004_0678,4
3,W10004_0682,2
3,W10004_0684,2
3,W10004_0685,2
3,W10004_0687,3
3,W10004_0688,1
3,W10004_0689,5
3,W10004_0696,4
3,W10004_0697,1
3,W10004_0701,2
3,W10004_0702,2
3,W10004_0705,4
3,W10004_0712,3
3,W10004_0713,1
3,W10004_0714,3
3,W10004_0729,4
3,W10004_0736,3
3,W10004_0741,1
3,W10004_0745,1
3,W10004_0746,5
3,W10004_0756,2
3,W10004_0757,4
3,W10004_0768,4
3,W10004_0774,2
3,W10004_0775,2
3,W10004_0779,1
3,W10004_0781,5
3,W10004_0782,2
3,W10004_0789,5
3,W10004_0794,5
3,W10004_0798,2
3,W10004_0799,5
3,W10004_0801,1
3,W10004_0802,5
3,W10004_0803,5
3,W10004_0806,2
3,W10004_0807,1
3,W10004_0812,5
3,W10004_0814,1
3,W10004_0815,4
3,W10004_0818,5
3,W10004_0823,5
3,W10004_0827,5
3,W10004_0828,4
3,W10004_0832,3
3,W10004_0833,1
3,W10004_0834,4
3,W10004_0836,1
3,W10004_0842,3
3,W10004_0848,5
3,W10004_0859,3
3,W10004_0866,3
3,W10004_0868,2
3,W10004_0869,2
3,W10004_0877,2
3,W10004_0884,2
3,W10004_0885,3
3,W10004_0891,2
3,W10004_0900,3
3,W10004_0907,1
3,W10004_0913,5
3,W10004_0916,3
3,W10004_0928,3
3,W10004_0932,1
3,W10004_0940,1
3,W10004_0949,4
3,W10004_0955,2
3,W10004_0956,5
3,W10004_0965,3
3,W10004_0966,1
3,W10004_0974,4
3,W10004_0975,5
3,W10004_0981,5
3,W10004_0982,4
3,W10004_0984,5
3,W10004_1000,3
3,W10004_1002,4
3,W10004_1004,3
3,W10004_1011,1
3,W10004_1015,3
3,W10004_1032,1
3,W10004_1045,4
3,W10004_1052,5
3,W10004_1057,2
3,W10004_1072,2
3,W10004_1081,4
3,W10004_1084,5
3,W10004_1099,5
3,W10004_1104,1
3,W10004_1105,1
3,W10004_1112,3
3,W10004_1117,2
3,W10004_1118,5
3,W10004_1140,2
4,B14A,2
4,B37,2
4,B73,1
4,CG119,2
4,CG44,4
4,F42,3
4,LH74,5
4,PHG39,5
4,PHW52,2
4,TX714,4
4,W10004_0007,2
4,W10004_0011,3
4,W10004_0014,3
4,W10004_0018,4
4,W10004_0026,3
4,W10004_0032,2
4,W10004_0037,1
4,W10004_0038,4
4,W10004_0041,3
4,W10004_0045,2
4,W10004_0046,4
4,W10004_0047,3
4,W10004_0053,3
4,W10004_0055,5
4,W10004_0061,4
4,W10004_0062,2
4,W10004_0064,1
4,W10004_0065,4
4,W10004_0068,5
4,W10004_0069,4
4,W10004_0071,2
4,W10004_0072,3
4,W10004_0073,4
4,W10004_0076,2
4,W10004_0080,2
4,W10004_0092,4
4,W10004_0093,4
4,W10004_0095,4
4,W10004_0097,2
4,W10004_0099,5
4,W10004_0103,5
4,W10004_0112,3
4,W10004_0118,2
4,W10004_0119,1
4,W10004_0127,4
4,W10004_0129,2
4,W10004_0132,3
4,W10004_0134,5
4,W10004_0138,2
4,W10004_0140,4
4,W10004_0146,2
4,W10004_0147,3
4,W10004_0148,5
4,W10004_0152,4
4,W10004_0153,3
4,W10004_0160,1
4,W10004_0166,5
4,W10004_0168,1
4,W10004_0185,1
4,W10004_0190,1
4,W10004_0192,4
4,W10004_0197,4
4,W10004_0199,3
4,W10004_0200,1
4,W10004_0203,5
4,W10004_0204,3
4,W10004_0206,1
4,W10004_0212,5
4,W10004_0213,4
4,W10004_0217,5
4,W10004_0220,5
4,W10004_0221,4
4,W10004_0223,2
4,W10004_0224,2
4,W10004_0225,1
4,W10004_0227,5
4,W10004_0231,2
4,W10004_0241,4
4,W10004_0254,5
4,W10004_0258,1
4,W10004_0261,2
4,W10004_0262,2
4,W10004_0264,4
4,W10004_0268,3
4,W10004_0276,4
4,W10004_0292,2
4,W10004_0299,4
4,W10004_0306,5
4,W10004_0308,5
4,W10004_0344,3
4,W10004_0380,1
4,W10004_0381,3
4,W10004_0383,3
4,W10004_0389,4
4,W10004_0403,4
4,W10004_0409,4
4,W10004_0410,1
4,W10004_0419,1
4,W10004_0427,5
4,W10004_0430,3
4,W10004_0465,2
4,W10004_0474,1
4,W10004_0487,2
4,W10004_0498,1
4,W10004_0501,4
4,W10004_0505,2
4,W10004_0601,1
4,W10004_0608,2
4,W10004_0612,2
4,W10004_0614,2
4,W10004_0616,5
4,W10004_0618,3
4,W10004_0619,5
4,W10004_0624,4
4,W10004_0625,2
4,W10004_0626,1
4,W10004_0628,5
4,W10004_0637,4
4,W10004_0639,3
4,W10004_0644,3
4,W10004_0645,2
4,W10004_0646,5
4,W10004_0649,1
4,W10004_0651,1
4,W10004_0654,4
4,W10004_0658,3
4,W10004_0661,1
4,W10004_0667,2
4,W10004_0672,1
4,W10004_0678,1
4,W10004_0682,4
4,W10004_0684,2
4,W10004_0685,1
4,W10004_0687,4
4,W10004_0688,2
4,W10004_0689,5
4,W10004_0696,1
4,W10004_0697,1
4,W10004_0701,5
4,W10004_0702,1
4,W10004_0705,2
4,W10004_0712,3
4,W10004_0713,5
4,W10004_0714,4
4,W10004_0729,4
4,W10004_0736,3
4,W10004_0741,5
4,W10004_0745,2
4,W10004_0746,3
4,W10004_0756,1
4,W10004_0757,3
4,W10004_0768,2
4,W10004_0774,3
4,W10004_0775,5
4,W10004_0779,4
4,W10004_0781,4
4,W10004_0782,5
4,W10004_0789,5
4,W10004_0794,1
4,W10004_0798,4
4,W10004_0799,3
4,W10004_0801,1
4,W10004_0802,3
4,W10004_0803,1
4,W10004_0806,5
4,W10004_0807,2
4,W10004_0812,2
4,W10004_0814,3
4,W10004_0815,5
4,W10004_0818,2
4,W10004_0823,5
4,W10004_0827,5
4,W10004_0828,5
4,W10004_0832,1
4,W10004_0833,1
4,W10004_0834,3
4,W10004_0836,2
4,W10004_0842,4
4,W10004_0848,3
4,W10004_0859,3
4,W10004_0866,1
4,W10004_0868,3
4,W10004_0869,5
4,W10004_0877,1
4,W10004_0884,2
4,W10004_0885,1
4,W10004_0891,5
4,W10004_0900,4
4,W10004_0907,3
4,W10004_0913,1
4,W10004_0916,3
4,W10004_0928,3
4,W10004_0932,4
4,W10004_0940,5
4,W10004_0949,2
4,W10004_0955,2
4,W10004_0956,1
4,W10004_0965,4
4,W10004_0966,2
4,W10004_0974,3
4,W10004_0975,5
4,W10004_0981,4
4,W10004_0982,5
4,W10004_0984,5
4,W10004_1000,3
4,W10004_1002,1
4,W10004_1004,5
4,W10004_1011,2
4,W10004_1015,4
4,W10004_1032,3
4,W10004_1045,1
4,W10004_1052,3
4,W10004_1057,5
4,W10004_1072,4
4,W10004_1081,3
4,W10004_1084,4
4,W10004_1099,3
4,W10004_1104,1
4,W10004_1105,1
4,W10004_1112,3
4,W10004_1117,5
4,W10004_1118,1
4,W10004_1140,1
5,B14A,2
5,B37,3
5,B73,5
5,CG119,5
5,CG44,5
5,F42,3
5,LH74,1
5,PHG39,5
5,PHW52,2
5,TX714,4
5,W10004_0007,3
5,W10004_0011,1
5,W10004_0014,2
5,W10004_0018,4
5,W10004_0026,2
5,W10004_0032,2
5,W10004_0037,1
5,W10004_0038,4
5,W10004_0041,3
5,W10004_0045,1
5,W10004_0046,5
5,W10004_0047,2
5,W10004_0053,2
5,W10004_0055,3
5,W10004_0061,2
5,W10004_0062,3
5,W10004_0064,5
5,W10004_0065,5
5,W10004_0068,3
5,W10004_0069,1
5,W10004_0071,4
5,W10004_0072,2
5,W10004_0073,4
5,W10004_0076,4
5,W10004_0080,4
5,W10004_0092,4
5,W10004_0093,1
5,W10004_0095,3
5,W10004_0097,1
5,W10004_0099,4
5,W10004_0103,3
5,W10004_0112,3
5,W10004_0118,3
5,W10004_0119,2
5,W10004_0127,4
5,W10004_0129,3
5,W10004_0132,3
5,W10004_0134,2
5,W10004_0138,5
5,W10004_0140,2
5,W10004_0146,4
5,W10004_0147,5
5,W10004_0148,5
5,W10004_0152,2
5,W10004_0153,3
5,W10004_0160,2
5,W10004_0166,3
5,W10004_0168,1
5,W10004_0185,3
5,W10004_0190,3
5,W10004_0192,5
5,W10004_0197,4
5,W10004_0199,4
5,W10004_0200,4
5,W10004_0203,1
5,W10004_0204,1
5,W10004_0206,4
5,W10004_0212,4
5,W10004_0213,4
5,W10004_0217,5
5,W10004_0220,3
5,W10004_0221,5
5,W10004_0223,4
5,W10004_0224,1
5,W10004_0225,4
5,W10004_0227,1
5,W10004_0231,5
5,W10004_0241,2
5,W10004_0254,3
5,W10004_0258,4
5,W10004_0261,5
5,W10004_0262,3
5,W10004_0264,1
5,W10004_0268,2
5,W10004_0276,2
5,W10004_0292,5
5,W10004_0299,3
5,W10004_0306,1
5,W10004_0308,5
5,W10004_0344,4
5,W10004_0380,5
5,W10004_0381,4
5,W10004_0383,2
5,W10004_0389,1
5,W10004_0403,2
5,W10004_0409,4
5,W10004_0410,2
5,W10004_0419,2
5,W10004_0427,1
5,W10004_0430,4
5,W10004_0465,1
5,W10004_0474,5
5,W10004_0487,1
5,W10004_0498,2
5,W10004_0501,1
5,W10004_0505,2
5,W10004_0601,5
5,W10004_0608,5
5,W10004_0612,1
5,W10004_0614,4
5,W10004_0616,5
5,W10004_0618,3
5,W10004_0619,2
5,W10004_0624,3
5,W10004_0625,5
5,W10004_0626,4
5,W10004_0628,3
5,W10004_0637,1
5,W10004_0639,2
5,W10004_0644,5
5,W10004_0645,5
5,W10004_0646,1
5,W10004_0649,2
5,W10004_0651,2
5,W10004_0654,2
5,W10004_0658,2
5,W10004_0661,3
5,W10004_0667,4
5,W10004_0672,2
5,W10004_0678,1
5,W10004_0682,1
5,W10004_0684,4
5,W10004_0685,1
5,W10004_0687,5
5,W10004_0688,3
5,W10004_0689,3
5,W10004_0696,5
5,W10004_0697,5
5,W10004_0701,5
5,W10004_0702,5
5,W10004_0705,4
5,W10004_0712,2
5,W10004_0713,4
5,W10004_0714,1
5,W10004_0729,1
5,W10004_0736,3
5,W10004_0741,2
5,W10004_0745,5
5,W10004_0746,1
5,W10004_0756,2
5,W10004_0757,3
5,W10004_0768,5
5,W10004_0774,3
5,W10004_0775,2
5,W10004_0779,4
5,W10004_0781,2
5,W10004_0782,1
5,W10004_0789,2
5,W10004_0794,3
5,W10004_0798,5
5,W10004_0799,4
5,W10004_0801,3
5,W10004_0802,1
5,W10004_0803,1
5,W10004_0806,1
5,W10004_0807,1
5,W10004_0812,1
5,W10004_0814,4
5,W10004_0815,2
5,W10004_0818,3
5,W10004_0823,5
5,W10004_0827,5
5,W10004_0828,2
5,W10004_0832,4
5,W10004_0833,3
5,W10004_0834,1
5,W10004_0836,4
5,W10004_0842,2
5,W10004_0848,3
5,W10004_0859,4
5,W10004_0866,2
5,W10004_0868,5
5,W10004_0869,5
5,W10004_0877,5
5,W10004_0884,2
5,W10004_0885,5
5,W10004_0891,3
5,W10004_0900,3
5,W10004_0907,5
5,W10004_0913,1
5,W10004_0916,2
5,W10004_0928,1
5,W10004_0932,4
5,W10004_0940,2
5,W10004_0949,2
5,W10004_0955,4
5,W10004_0956,1
5,W10004_0965,1
5,W10004_0966,3
5,W10004_0974,3
5,W10004_0975,3
5,W10004_0981,1
5,W10004_0982,4
5,W10004_0984,3
5,W10004_1000,3
5,W10004_1002,1
5,W10004_1004,1
5,W10004_1011,1
5,W10004_1015,1
5,W10004_1032,4
5,W10004_1045,5
5,W10004_1052,4
5,W10004_1057,4
5,W10004_1072,5
5,W10004_1081,3
5,W10004_1084,2
5,W10004_1099,1
5,W10004_1104,5
5,W10004_1105,4
5,W10004_1112,3
5,W10004_1117,4
5,W10004_1118,4
5,W10004_1140,3
6,B14A,2
6,B37,1
6,B73,4
6,CG119,2
6,CG44,5
6,F42,3
6,LH74,2
6,PHG39,2
6,PHW52,3
6,TX714,3
6,W10004_0007,5
6,W10004_0011,3
6,W10004_0014,3
6,W10004_0018,4
6,W10004_0026,1
6,W10004_0032,3
6,W10004_0037,4
6,W10004_0038,4
6,W10004_0041,4
6,W10004_0045,2
6,W10004_0046,2
6,W10004_0047,1
6,W10004_0053,4
6,W10004_0055,3
6,W10004_0061,2
6,W10004_0062,2
6,W10004_0064,1
6,W10004_0065,2
6,W10004_0068,4
6,W10004_0069,2
6,W10004_0071,4
6,W10004_0072,1
6,W10004_0073,5
6,W10004_0076,1
6,W10004_0080,5
6,W10004_0092,2
6,W10004_0093,4
6,W10004_0095,1
6,W10004_0097,3
6,W10004_0099,5
6,W10004_0103,3
6,W10004_0112,4
6,W10004_0118,1
6,W10004_0119,1
6,W10004_0127,2
6,W10004_0129,3
6,W10004_0132,2
6,W10004_0134,1
6,W10004_0138,4
6,W10004_0140,1
6,W10004_0146,1
6,W10004_0147,3
6,W10004_0148,4
6,W10004_0152,5
6,W10004_0153,4
6,W10004_0160,5
6,W10004_0166,1
6,W10004_0168,3
6,W10004_0185,5
6,W10004_0190,1
6,W10004_0192,5
6,W10004_0197,2
6,W10004_0199,1
6,W10004_0200,2
6,W10004_0203,3
6,W10004_0204,5
6,W10004_0206,3
6,W10004_0212,3
6,W10004_0213,3
6,W10004_0217,1
6,W10004_0220,1
6,W10004_0221,2
6,W10004_0223,2
6,W10004_0224,4
6,W10004_0225,3
6,W10004_0227,2
6,W10004_0231,2
6,W10004_0241,4
6,W10004_0254,4
6,W10004_0258,2
6,W10004_0261,3
6,W10004_0262,1
6,W10004_0264,5
6,W10004_0268,3
6,W10004_0276,3
6,W10004_0292,5
6,W10004_0299,2
6,W10004_0306,2
6,W10004_0308,5
6,W10004_0344,3
6,W10004_0380,3
6,W10004_0381,5
6,W10004_0383,1
6,W10004_0389,1
6,W10004_0403,3
6,W10004_0409,4
6,W10004_0410,5
6,W10004_0419,5
6,W10004_0427,5
6,W10004_0430,3
6,W10004_0465,2
6,W10004_0474,1
6,W10004_0487,5
6,W10004_0498,5
6,W10004_0501,5
6,W10004_0505,4
6,W10004_0601,4
6,W10004_0608,2
6,W10004_0612,2
6,W10004_0614,2
6,W10004_0616,2
6,W10004_0618,4
6,W10004_0619,5
6,W10004_0624,4
6,W10004_0625,5
6,W10004_0626,2
6,W10004_0628,2
6,W10004_0637,1
6,W10004_0639,5
6,W10004_0644,5
6,W10004_0645,2
6,W10004_0646,3
6,W10004_0649,5
6,W10004_0651,5
6,W10004_0654,5
6,W10004_0658,4
6,W10004_0661,1
6,W10004_0667,1
6,W10004_0672,2
6,W10004_0678,5
6,W10004_0682,4
6,W10004_0684,3
6,W10004_0685,2
6,W10004_0687,5
6,W10004_0688,4
6,W10004_0689,5
6,W10004_0696,2
6,W10004_0697,1
6,W10004_0701,5
6,W10004_0702,2
6,W10004_0705,5
6,W10004_0712,3
6,W10004_0713,3
6,W10004_0714,3
6,W10004_0729,3
6,W10004_0736,1
6,W10004_0741,1
6,W10004_0745,1
6,W10004_0746,4
6,W10004_0756,5
6,W10004_0757,1
6,W10004_0768,4
6,W10004_0774,3
6,W10004_0775,1
6,W10004_0779,1
6,W10004_0781,4
6,W10004_0782,1
6,W10004_0789,4
6,W10004_0794,2
6,W10004_0798,2
6,W10004_0799,3
6,W10004_0801,4
6,W10004_0802,2
6,W10004_0803,1
6,W10004_0806,4
6,W10004_0807,4
6,W10004_0812,2
6,W10004_0814,3
6,W10004_0815,4
6,W10004_0818,1
6,W10004_0823,3
6,W10004_0827,3
6,W10004_0828,5
6,W10004_0832,3
6,W10004_0833,1
6,W10004_0834,1
6,W10004_0836,1
6,W10004_0842,1
6,W10004_0848,2
6,W10004_0859,5
6,W10004_0866,3
6,W10004_0868,4
6,W10004_0869,1
6,W10004_0877,1
6,W10004_0884,3
6,W10004_0885,5
6,W10004_0891,3
6,W10004_0900,4
6,W10004_0907,5
6,W10004_0913,4
6,W10004_0916,4
6,W10004_0928,2
6,W10004_0932,2
6,W10004_0940,2
6,W10004_0949,1
6,W10004_0955,5
6,W10004_0956,1
6,W10004_0965,5
6,W10004_0966,4
6,W10004_0974,4
6,W10004_0975,2
6,W10004_0981,5
6,W10004_0982,1
6,W10004_0984,3
6,W10004_1000,5
6,W10004_1002,4
6,W10004_1004,3
6,W10004_1011,4
6,W10004_1015,4
6,W10004_1032,2
6,W10004_1045,3
6,W10004_1052,4
6,W10004_1057,4
6,W10004_1072,5
6,W10004_1081,1
6,W10004_1084,3
6,W10004_1099,5
6,W10004_1104,3
6,W10004_1105,2
6,W10004_1112,3
6,W10004_1117,1
6,W10004_1118,4
6,W10004_1140,4
7,B14A,1
7,B37,5
7,B73,4
7,CG119,5
7,CG44,3
7,F42,5
7,LH74,1
7,PHG39,3
7,PHW52,4
7,TX714,2
7,W10004_0007,4
7,W10004_0011,1
7,W10004_0014,4
7,W10004_0018,5
7,W10004_0026,2
7,W10004_0032,2
7,W10004_0037,1
7,W10004_0038,4
7,W10004_0041,4
7,W10004_0045,1
7,W10004_0046,1
7,W10004_0047,3
7,W10004_0053,4
7,W10004_0055,4
7,W10004_0061,5
7,W10004_0062,1
7,W10004_0064,3
7,W10004_0065,4
7,W10004_0068,3
7,W10004_0069,1
7,W10004_0071,3
7,W10004_0072,3
7,W10004_0073,4
7,W10004_0076,4
7,W10004_0080,3
7,W10004_0092,3
7,W10004_0093,1
7,W10004_0095,1
7,W10004_0097,3
7,W10004_0099,5
7,W10004_0103,2
7,W10004_0112,1
7,W10004_0118,5
7,W10004_0119,5
7,W10004_0127,1
7,W10004_0129,4
7,W10004_0132,5
7,W10004_0134,5
7,W10004_0138,1
7,W10004_0140,1
7,W10004_0146,4
7,W10004_0147,4
7,W10004_0148,2
7,W10004_0152,5
7,W10004_0153,2
7,W10004_0160,3
7,W10004_0166,5
7,W10004_0168,3
7,W10004_0185,2
7,W10004_0190,3
7,W10004_0192,4
7,W10004_0197,3
7,W10004_0199,2
7,W10004_0200,2
7,W10004_0203,5
7,W10004_0204,1
7,W10004_0206,1
7,W10004_0212,1
7,W10004_0213,5
7,W10004_0217,3
7,W10004_0220,1
7,W10004_0221,5
7,W10004_0223,2
7,W10004_0224,3
7,W10004_0225,5
7,W10004_0227,2
7,W10004_0231,4
7,W10004_0241,1
7,W10004_0254,1
7,W10004_0258,2
7,W10004_0261,3
7,W10004_0262,5
7,W10004_0264,4
7,W10004_0268,1
7,W10004_0276,1
7,W10004_0292,1
7,W10004_0299,4
7,W10004_0306,2
7,W10004_0308,2
7,W10004_0344,3
7,W10004_0380,5
7,W10004_0381,1
7,W10004_0383,2
7,W10004_0389,3
7,W10004_0403,2
7,W10004_0409,4
7,W10004_0410,4
7,W10004_0419,5
7,W10004_0427,2
7,W10004_0430,4
7,W10004_0465,2
7,W10004_0474,3
7,W10004_0487,3
7,W10004_0498,1
7,W10004_0501,4
7,W10004_0505,3
7,W10004_0601,3
7,W10004_0608,4
7,W10004_0612,4
7,W10004_0614,5
7,W10004_0616,5
7,W10004_0618,3
7,W10004_0619,4
7,W10004_0624,3
7,W10004_0625,3
7,W10004_0626,3
7,W10004_0628,5
7,W10004_0637,2
7,W10004_0639,4
7,W10004_0644,1
7,W10004_0645,2
7,W10004_0646,5
7,W10004_0649,2
7,W10004_0651,2
7,W10004_0654,3
7,W10004_0658,3
7,W10004_0661,5
7,W10004_0667,2
7,W10004_0672,1
7,W10004_0678,5
7,W10004_0682,2
7,W10004_0684,3
7,W10004_0685,2
7,W10004_0687,1
7,W10004_0688,5
7,W10004_0689,4
7,W10004_0696,1
7,W10004_0697,1
7,W10004_0701,2
7,W10004_0702,2
7,W10004_0705,5
7,W10004_0712,5
7,W10004_0713,1
7,W10004_0714,4
7,W10004_0729,1
7,W10004_0736,3
7,W10004_0741,3
7,W10004_0745,3
7,W10004_0746,3
7,W10004_0756,3
7,W10004_0757,2
7,W10004_0768,3
7,W10004_0774,2
7,W10004_0775,1
7,W10004_0779,4
7,W10004_0781,2
7,W10004_0782,1
7,W10004_0789,2
7,W10004_0794,3
7,W10004_0798,1
7,W10004_0799,1
7,W10004_0801,1
7,W10004_0802,5
7,W10004_0803,3
7,W10004_0806,4
7,W10004_0807,5
7,W10004_0812,4
7,W10004_0814,4
7,W10004_0815,5
7,W10004_0818,4
7,W10004_0823,2
7,W10004_0827,4
7,W10004_0828,4
7,W10004_0832,4
7,W10004_0833,2
7,W10004_0834,1
7,W10004_0836,1
7,W10004_0842,3
7,W10004_0848,2
7,W10004_0859,3
7,W10004_0866,1
7,W10004_0868,4
7,W10004_0869,3
7,W10004_0877,2
7,W10004_0884,1
7,W10004_0885,4
7,W10004_0891,4
7,W10004_0900,3
7,W10004_0907,5
7,W10004_0913,2
7,W10004_0916,5
7,W10004_0928,5
7,W10004_0932,2
7,W10004_0940,3
7,W10004_0949,2
7,W10004_0955,2
7,W10004_0956,5
7,W10004_0965,5
7,W10004_0966,4
7,W10004_0974,4
7,W10004_0975,2
7,W10004_0981,4
7,W10004_0982,5
7,W10004_0984,5
7,W10004_1000,1
7,W10004_1002,5
7,W10004_1004,5
7,W10004_1011,4
7,W10004_1015,2
7,W10004_1032,2
7,W10004_1045,5
7,W10004_1052,1
7,W10004_1057,1
7,W10004_1072,4
7,W10004_1081,3
7,W10004_1084,2
7,W10004_1099,2
7,W10004_1104,1
7,W10004_1105,4
7,W10004_1112,3
7,W10004_1117,2
7,W10004_1118,5
7,W10004_1140,5
8,B14A,3
8,B37,2
8,B73,5
8,CG119,2
8,CG44,1
8,F42,3
8,LH74,4
8,PHG39,1
8,PHW52,4
8,TX714,3
8,W10004_0007,3
8,W10004_0011,3
8,W10004_0014,2
8,W10004_0018,4
8,W10004_0026,5
8,W10004_0032,3
8,W10004_0037,2
8,W10004_0038,3
8,W10004_0041,3
8,W10004_0045,1
8,W10004_0046,2
8,W10004_0047,1
8,W10004_0053,4
8,W10004_0055,1
8,W10004_0061,2
8,W10004_0062,2
8,W10004_0064,3
8,W10004_0065,2
8,W10004_0068,4
8,W10004_0069,5
8,W10004_0071,3
8,W10004_0072,3
8,W10004_0073,1
8,W10004_0076,5
8,W10004_0080,2
8,W10004_0092,3
8,W10004_0093,5
8,W10004_0095,2
8,W10004_0097,4
8,W10004_0099,2
8,W10004_0103,5
8,W10004_0112,5
8,W10004_0118,3
8,W10004_0119,1
8,W10004_0127,1
8,W10004_0129,4
8,W10004_0132,4
8,W10004_0134,1
8,W10004_0138,5
8,W10004_0140,1
8,W10004_0146,5
8,W10004_0147,3
8,W10004_0148,3
8,W10004_0152,2
8,W10004_0153,3
8,W10004_0160,3
8,W10004_0166,4
8,W10004_0168,1
8,W10004_0185,1
8,W10004_0190,5
8,W10004_0192,1
8,W10004_0197,2
8,W10004_0199,3
8,W10004_0200,4
8,W10004_0203,4
8,W10004_0204,2
8,W10004_0206,4
8,W10004_0212,5
8,W10004_0213,2
8,W10004_0217,4
8,W10004_0220,4
8,W10004_0221,5
8,W10004_0223,5
8,W10004_0224,4
8,W10004_0225,4
8,W10004_0227,5
8,W10004_0231,1
8,W10004_0241,2
8,W10004_0254,5
8,W10004_0258,3
8,W10004_0261,4
8,W10004_0262,5
8,W10004_0264,2
8,W10004_0268,4
8,W10004_0276,4
8,W10004_0292,2
8,W10004_0299,1
8,W10004_0306,3
8,W10004_0308,2
8,W10004_0344,5
8,W10004_0380,2
8,W10004_0381,4
8,W10004_0383,1
8,W10004_0389,1
8,W10004_0403,5
8,W10004_0409,3
8,W10004_0410,3
8,W10004_0419,2
8,W10004_0427,1
8,W10004_0430,2
8,W10004_0465,4
8,W10004_0474,1
8,W10004_0487,4
8,W10004_0498,3
8,W10004_0501,5
8,W10004_0505,1
8,W10004_0601,1
8,W10004_0608,1
8,W10004_0612,4
8,W10004_0614,4
8,W10004_0616,1
8,W10004_0618,1
8,W10004_0619,3
8,W10004_0624,2
8,W10004_0625,2
8,W10004_0626,3
8,W10004_0628,2
8,W10004_0637,3
8,W10004_0639,3
8,W10004_0644,5
8,W10004_0645,1
8,W10004_0646,4
8,W10004_0649,1
8,W10004_0651,5
8,W10004_0654,3
8,W10004_0658,3
8,W10004_0661,1
8,W10004_0667,3
8,W10004_0672,2
8,W10004_0678,5
8,W10004_0682,4
8,W10004_0684,3
8,W10004_0685,5
8,W10004_0687,1
8,W10004_0688,5
8,W10004_0689,5
8,W10004_0696,1
8,W10004_0697,5
8,W10004_0701,4
8,W10004_0702,2
8,W10004_0705,5
8,W10004_0712,5
8,W10004_0713,1
8,W10004_0714,4
8,W10004_0729,3
8,W10004_0736,4
8,W10004_0741,2
8,W10004_0745,1
8,W10004_0746,3
8,W10004_0756,2
8,W10004_0757,1
8,W10004_0768,5
8,W10004_0774,2
8,W10004_0775,1
8,W10004_0779,3
8,W10004_0781,4
8,W10004_0782,5
8,W10004_0789,5
8,W10004_0794,4
8,W10004_0798,5
8,W10004_0799,2
8,W10004_0801,2
8,W10004_0802,2
8,W10004_0803,2
8,W10004_0806,4
8,W10004_0807,2
8,W10004_0812,1
8,W10004_0814,1
8,W10004_0815,2
8,W10004_0818,5
8,W10004_0823,1
8,W10004_0827,2
8,W10004_0828,5
8,W10004_0832,3
8,W10004_0833,4
8,W10004_0834,1
8,W10004_0836,1
8,W10004_0842,5
8,W10004_0848,4
8,W10004_0859,2
8,W10004_0866,5
8,W10004_0868,4
8,W10004_0869,4
8,W10004_0877,3
8,W10004_0884,1
8,W10004_0885,2
8,W10004_0891,1
8,W10004_0900,5
8,W10004_0907,2
8,W10004_0913,4
8,W10004_0916,3
8,W10004_0928,1
8,W10004_0932,3
8,W10004_0940,1
8,W10004_0949,5
8,W10004_0955,4
8,W10004_0956,1
8,W10004_0965,2
8,W10004_0966,5
8,W10004_0974,5
8,W10004_0975,3
8,W10004_0981,3
8,W10004_0982,4
8,W10004_0984,4
8,W10004_1000,1
8,W10004_1002,3
8,W10004_1004,2
8,W10004_1011,3
8,W10004_1015,5
8,W10004_1032,4
8,W10004_1045,4
8,W10004_1052,5
8,W10004_1057,5
8,W10004_1072,1
8,W10004_1081,3
8,W10004_1084,4
8,W10004_1099,2
8,W10004_1104,3
8,W10004_1105,3
8,W10004_1112,4
8,W10004_1117,2
8,W10004_1118,4
8,W10004_1140,2
9,B14A,5
9,B37,2
9,B73,1
9,CG119,2
9,CG44,4
9,F42,2
9,LH74,1
9,PHG39,4
9,PHW52,2
9,TX714,1
9,W10004_0007,1
9,W10004_0011,1
9,W10004_0014,1
9,W10004_0018,5
9,W10004_0026,1
9,W10004_0032,1
9,W10004_0037,5
9,W10004_0038,2
9,W10004_0041,2
9,W10004_0045,2
9,W10004_0046,5
9,W10004_0047,1
9,W10004_0053,5
9,W10004_0055,4
9,W10004_0061,2
9,W10004_0062,3
9,W10004_0064,1
9,W10004_0065,1
9,W10004_0068,4
9,W10004_0069,5
9,W10004_0071,5
9,W10004_0072,5
9,W10004_0073,2
9,W10004_0076,2
9,W10004_0080,4
9,W10004_0092,3
9,W10004_0093,1
9,W10004_0095,3
9,W10004_0097,4
9,W10004_0099,4
9,W10004_0103,3
9,W10004_0112,5
9,W10004_0118,2
9,W10004_0119,4
9,W10004_0127,4
9,W10004_0129,3
9,W10004_0132,2
9,W10004_0134,3
9,W10004_0138,4
9,W10004_0140,2
9,W10004_0146,1
9,W10004_0147,3
9,W10004_0148,2
9,W10004_0152,1
9,W10004_0153,1
9,W10004_0160,2
9,W10004_0166,3
9,W10004_0168,1
9,W10004_0185,1
9,W10004_0190,1
9,W10004_0192,3
9,W10004_0197,1
9,W10004_0199,4
9,W10004_0200,4
9,W10004_0203,4
9,W10004_0204,2
9,W10004_0206,4
9,W10004_0212,5
9,W10004_0213,2
9,W10004_0217,4
9,W10004_0220,3
9,W10004_0221,3
9,W10004_0223,3
9,W10004_0224,5
9,W10004_0225,4
9,W10004_0227,2
9,W10004_0231,1
9,W10004_0241,1
9,W10004_0254,1
9,W10004_0258,5
9,W10004_0261,1
9,W10004_0262,2
9,W10004_0264,1
9,W10004_0268,1
9,W10004_0276,3
9,W10004_0292,3
9,W10004_0299,5
9,W10004_0306,5
9,W10004_0308,5
9,W10004_0344,5
9,W10004_0380,1
9,W10004_0381,2
9,W10004_0383,4
9,W10004_0389,5
9,W10004_0403,5
9,W10004_0409,3
9,W10004_0410,4
9,W10004_0419,3
9,W10004_0427,3
9,W10004_0430,3
9,W10004_0465,2
9,W10004_0474,3
9,W10004_0487,3
9,W10004_0498,4
9,W10004_0501,5
9,W10004_0505,5
9,W10004_0601,1
9,W10004_0608,5
9,W10004_0612,5
9,W10004_0614,3
9,W10004_0616,3
9,W10004_0618,5
9,W10004_0619,5
9,W10004_0624,1
9,W10004_0625,3
9,W10004_0626,5
9,W10004_0628,3
9,W10004_0637,2
9,W10004_0639,4
9,W10004_0644,1
9,W10004_0645,4
9,W10004_0646,3
9,W10004_0649,4
9,W10004_0651,3
9,W10004_0654,5
9,W10004_0658,5
9,W10004_0661,2
9,W10004_0667,4
9,W10004_0672,4
9,W10004_0678,4
9,W10004_0682,1
9,W10004_0684,5
9,W10004_0685,2
9,W10004_0687,5
9,W10004_0688,5
9,W10004_0689,4
9,W10004_0696,3
9,W10004_0697,1
9,W10004_0701,4
9,W10004_0702,1
9,W10004_0705,3
9,W10004_0712,5
9,W10004_0713,4
9,W10004_0714,1
9,W10004_0729,2
9,W10004_0736,2
9,W10004_0741,1
9,W10004_0745,2
9,W10004_0746,3
9,W10004_0756,2
9,W10004_0757,4
9,W10004_0768,3
9,W10004_0774,5
9,W10004_0775,1
9,W10004_0779,4
9,W10004_0781,2
9,W10004_0782,2
9,W10004_0789,1
9,W10004_0794,3
9,W10004_0798,1
9,W10004_0799,3
9,W10004_0801,2
9,W10004_0802,5
9,W10004_0803,2
9,W10004_0806,2
9,W10004_0807,2
9,W10004_0812,4
9,W10004_0814,3
9,W10004_0815,3
9,W10004_0818,5
9,W10004_0823,5
9,W10004_0827,2
9,W10004_0828,4
9,W10004_0832,4
9,W10004_0833,1
9,W10004_0834,2
9,W10004_0836,2
9,W10004_0842,3
9,W10004_0848,5
9,W10004_0859,3
9,W10004_0866,5
9,W10004_0868,3
9,W10004_0869,2
9,W10004_0877,1
9,W10004_0884,4
9,W10004_0885,3
9,W10004_0891,1
9,W10004_0900,4
9,W10004_0907,1
9,W10004_0913,5
9,W10004_0916,3
9,W10004_0928,2
9,W10004_0932,4
9,W10004_0940,3
9,W10004_0949,5
9,W10004_0955,2
9,W10004_0956,2
9,W10004_0965,4
9,W10004_0966,1
9,W10004_0974,3
9,W10004_0975,4
9,W10004_0981,1
9,W10004_0982,3
9,W10004_0984,2
9,W10004_1000,2
9,W10004_1002,4
9,W10004_1004,2
9,W10004_1011,4
9,W10004_1015,1
9,W10004_1032,5
9,W10004_1045,3
9,W10004_1052,3
9,W10004_1057,5
9,W10004_1072,2
9,W10004_1081,4
9,W10004_1084,4
9,W10004_1099,1
9,W10004_1104,5
9,W10004_1105,4
9,W10004_1112,4
9,W10004_1117,4
9,W10004_1118,5
9,W10004_1140,3
10,B14A,4
10,B37,2
10,B73,3
10,CG119,5
10,CG44,5
10,F42,2
10,LH74,5
10,PHG39,4
10,PHW52,5
10,TX714,2
10,W10004_0007,1
10,W10004_0011,4
10,W10004_0014,4
10,W10004_0018,5
10,W10004_0026,5
10,W10004_0032,4
10,W10004_0037,1
10,W10004_0038,1
10,W10004_0041,3
10,W10004_0045,4
10,W10004_0046,3
10,W10004_0047,1
10,W10004_0053,4
10,W10004_0055,2
10,W10004_0061,2
10,W10004_0062,1
10,W10004_0064,5
10,W10004_0065,3
10,W10004_0068,3
10,W10004_0069,2
10,W10004_0071,3
10,W10004_0072,4
10,W10004_0073,3
10,W10004_0076,3
10,W10004_0080,1
10,W10004_0092,3
10,W10004_0093,5
10,W10004_0095,4
10,W10004_0097,4
10,W10004_0099,2
10,W10004_0103,3
10,W10004_0112,3
10,W10004_0118,5
10,W10004_0119,2
10,W10004_0127,1
10,W10004_0129,1
10,W10004_0132,2
10,W10004_0134,4
10,W10004_0138,5
10,W10004_0140,5
10,W10004_0146,3
10,W10004_0147,1
10,W10004_0148,2
10,W10004_0152,5
10,W10004_0153,4
10,W10004_0160,3
10,W10004_0166,4
10,W10004_0168,3
10,W10004_0185,1
10,W10004_0190,2
10,W10004_0192,2
10,W10004_0197,4
10,W10004_0199,5
10,W10004_0200,5
10,W10004_0203,5
10,W10004_0204,2
10,W10004_0206,3
10,W10004_0212,1
10,W10004_0213,1
10,W10004_0217,1
10,W10004_0220,5
10,W10004_0221,2
10,W10004_0223,5
10,W10004_0224,4
10,W10004_0225,1
10,W10004_0227,4
10,W10004_0231,5
10,W10004_0241,4
10,W10004_0254,5
10,W10004_0258,1
10,W10004_0261,3
10,W10004_0262,4
10,W10004_0264,1
10,W10004_0268,3
10,W10004_0276,4
10,W10004_0292,4
10,W10004_0299,4
10,W10004_0306,2
10,W10004_0308,4
10,W10004_0344,4
10,W10004_0380,5
10,W10004_0381,1
10,W10004_0383,2
10,W10004_0389,1
10,W10004_0403,4
10,W10004_0409,5
10,W10004_0410,3
10,W10004_0419,2
10,W10004_0427,3
10,W10004_0430,3
10,W10004_0465,4
10,W10004_0474,3
10,W10004_0487,3
10,W10004_0498,2
10,W10004_0501,2
10,W10004_0505,3
10,W10004_0601,1
10,W10004_0608,1
10,W10004_0612,2
10,W10004_0614,3
10,W10004_0616,3
10,W10004_0618,3
10,W10004_0619,5
10,W10004_0624,4
10,W10004_0625,2
10,W10004_0626,5
10,W10004_0628,5
10,W10004_0637,1
10,W10004_0639,3
10,W10004_0644,5
10,W10004_0645,2
10,W10004_0646,2
10,W10004_0649,4
10,W10004_0651,2
10,W10004_0654,1
10,W10004_0658,5
10,W10004_0661,3
10,W10004_0667,4
10,W10004_0672,1
10,W10004_0678,1
10,W10004_0682,5
10,W10004_0684,4
10,W10004_0685,2
10,W10004_0687,4
10,W10004_0688,4
10,W10004_0689,5
10,W10004_0696,4
10,W10004_0697,5
10,W10004_0701,1
10,W10004_0702,1
10,W10004_0705,1
10,W10004_0712,1
10,W10004_0713,3
10,W10004_0714,1
10,W10004_0729,5
10,W10004_0736,4
10,W10004_0741,3
10,W10004_0745,5
10,W10004_0746,2
10,W10004_0756,5
10,W10004_0757,2
10,W10004_0768,1
10,W10004_0774,3
10,W10004_0775,4
10,W10004_0779,1
10,W10004_0781,3
10,W10004_0782,2
10,W10004_0789,1
10,W10004_0794,3
10,W10004_0798,1
10,W10004_0799,4
10,W10004_0801,4
10,W10004_0802,1
10,W10004_0803,3
10,W10004_0806,5
10,W10004_0807,1
10,W10004_0812,4
10,W10004_0814,2
10,W10004_0815,2
10,W10004_0818,5
10,W10004_0823,1
10,W10004_0827,5
10,W10004_0828,1
10,W10004_0832,1
10,W10004_0833,4
10,W10004_0834,4
10,W10004_0836,2
10,W10004_0842,2
10,W10004_0848,3
10,W10004_0859,4
10,W10004_0866,2
10,W10004_0868,2
10,W10004_0869,1
10,W10004_0877,5
10,W10004_0884,5
10,W10004_0885,2
10,W10004_0891,1
10,W10004_0900,2
10,W10004_0907,3
10,W10004_0913,2
10,W10004_0916,2
10,W10004_0928,2
10,W10004_0932,1
10,W10004_0940,5
10,W10004_0949,4
10,W10004_0955,3
10,W10004_0956,3
10,W10004_0965,3
10,W10004_0966,1
10,W10004_0974,1
10,W10004_0975,4
10,W10004_0981,2
10,W10004_0982,2
10,W10004_0984,4
10,W10004_1000,5
10,W10004_1002,2
10,W10004_1004,3
10,W10004_1011,5
10,W10004_1015,5
10,W10004_1032,2
10,W10004_1045,2
10,W10004_1052,3
10,W10004_1057,3
10,W10004_1072,2
10,W10004_1081,4
10,W10004_1084,3
10,W10004_1099,5
10,W10004_1104,1
10,W10004_1105,4
10,W10004_1112,3
10,W10004_1117,3
10,W10004_1118,5
10,W10004_1140,1
