staging_path,source_path,status,source_sha256,current_sha256,size_bytes,source_snapshot_status,source_note
R/utils/fpca.R,NEW_REPOSITORY_FILE,new_repository_file,,32BD5F18B3C615A1BF9F5621FFBB43121300DD16DDD816B89E314F8C7ED310D1,3588,,Repository workflow support file.
R/utils/paths.R,NEW_REPOSITORY_FILE,new_repository_file,,61F3391769C9BC50FF33409BBF540F624AABFE91DA7D56ED66A2DC5787469696,4366,,Repository workflow support file.
R/utils/prediction_results.R,NEW_REPOSITORY_FILE,new_repository_file,,EB556C3A2CBE19C1B4AF2737936AEABB3C43D86AC31C55929F08289A2F436369,3714,,Repository workflow support file.
R/utils/station_weather.R,NEW_REPOSITORY_FILE,new_repository_file,,6CF751443F86401614B8D2976DE213653160E62EE2313265E583E2B43B79884A,9021,,Repository workflow support file.
R/utils/vi_fpca.R,NEW_REPOSITORY_FILE,new_repository_file,,478C4F7D5F4D673CA3B39399CA09C9AEB3BBAFBD36D431D77474C82EF702472C,2789,,Repository workflow support file.
scripts/00_data_prep/build_genomic_phenomic_overlap.R,NEW_REPOSITORY_FILE,new_repository_file,,EC27F18E0FBB4A18DEA171EBD2C3D24FD01DD214AE4216179F4DBEDB474D0C01,1669,,Repository workflow support file.
scripts/00_data_prep/build_pedigree_environment_overlap.R,1.8_Pedigree_Env_Overlap/Pedigree_Env_Overlap_BLUEs_V2.R,refactored_copy,323846F4DF5189AE1D9020749BF37F536065CF98DA0BCECC31A4F82B76B84BBC,1D479CD5DE69B5D3536E44E12741783846C5471625035F85C8375F36166B7BB7,2035,,Adapted for portable paths and explicit workflow inputs/outputs.
scripts/00_data_prep/build_prediction_phenotypes.R,NEW_REPOSITORY_FILE,new_repository_file,,E80FC41C991C07AE355E7E80C5C0994E06DD5DB5FDD75050BA250743F08B1ED3,1705,,Repository workflow support file.
scripts/00_data_prep/combine_vi_pht.R,0.1_VI_PHT_Compiling/2020_2021_Combine_Data_V6.R,refactored_copy,28196AC7B5007AC11E3163C94C0EB18FB0F4488793C87E03DBB15A880BEE60DA,3EBC503D32BBDFFE1898779F5268E11F64590BD2319F0D985CA85F75C90C43CC,3615,,Adapted for portable paths and explicit workflow inputs/outputs.
scripts/00_data_prep/fix_jpg_dates.R,0.6_Fix_JPG_Dates/Fix_JPG_Dates_V1.R,refactored_copy,F38221F42C880CFCA332CC5D45207AE7438AAE300CC68868C047468E5A59DD7D,037F28BCECB21BB9222B62F5731C2F454E7A73DE73F665B3B0A9840FA855F9E5,1373,,Adapted for portable paths and explicit workflow inputs/outputs.
scripts/00_data_prep/merge_vi_pht_jpg.R,0.5_Merge_VI_PHT_JPG/Merge_VI_PHT_JPG_V14.R,refactored_copy,8AFEA30967DBF6507FDE8F2E16D0CB4459EC06DBD9103FED9CFB21848C10FDF4,6B749B2C1AB2508277B0B1BEAD205AC533254B7999C219A6A5973A61461B5FB5,3605,,Adapted for portable paths and explicit workflow inputs/outputs.
scripts/01_blue_variance/dta_dts_blues.R,1.7_DTA_DTS_ANOVA/Single_Env_DTA_DTS_BLUEs_V1.R,refactored_copy,A9154D623032A40875E17F2A64BD5CA65D649F09A8D4DE1CAA60107B8A1CAAC1,F34A19FC1BE9258B7D59A0C50E41F3E2D366C687B13871BB5CCF222D05CF78AF,4881,,Adapted for portable paths and explicit workflow inputs/outputs.
scripts/01_blue_variance/vi_analysis_helpers.R,NEW_REPOSITORY_FILE,new_repository_file,,0EC6FA84074AF4A6A29FB65DEF0641C1DA7000B821B3501CB84E08BFF5A0383E,3214,,Repository workflow support file.
scripts/01_blue_variance/vi_blues.R,1.2_VI_ANOVA/Single_Env_VIs_BLUEs_V2.R,refactored_copy,50BB52FE7D6F63E2F87D32DB6BB18C21883F92D5C3D79837E9FFD85F88D8ED50,1FC0D28EFE4968CD8A768A3E9D3083B9035EFFE2CE1527E377C3CF650C3F3179,3097,,Adapted for portable paths and explicit workflow inputs/outputs.
scripts/01_blue_variance/vi_variance_components_source.R,1.2_VI_ANOVA/Single_Env_VIs_BLUPs_V5.R,refactored_copy,1580F29DF5EB35B606561D971C9D59494B8DDF6E5353F0078F83270D10AD1E99,84456D09ACE2A851DF9B32C4EA4383E4EE9267062AD138210BCFABAD2C8F0481,2656,,Adapted for portable paths and explicit workflow inputs/outputs.
scripts/01_blue_variance/yield_blues.R,1.1_Yield_ANOVA/Single_Env_Yield_BLUEs_V1.R,refactored_copy,1A1AE2E27E880ABCFB8D8143772A18ED2511BF1D38801D21DB8F7780B5A6D15E,D9FEEC25488281F160457053D33ACDB579DE6AD0F4EEFC11B4E2EDEE4CFB15DB,2998,,Adapted for portable paths and explicit workflow inputs/outputs.
scripts/01_blue_variance/yield_variance_components_source.R,1.1_Yield_ANOVA/Single_Env_Yield_BLUPs_V1.R | 1.2_VI_ANOVA/Single_Env_VIs_BLUPs_V1.R,refactored_copy,78B4C8DC1F3833727F439FAC4A7BF205E69455198F293C55F7F1B79449F4B92F,80A99A6201296D4F268CDCF7557A1457E5430E33FF9DAD32CE6172FF6254750A,2576,,Adapted for portable paths and explicit workflow inputs/outputs.
scripts/02_fpca_weather/acquire_clean_dap_weather_fpca_source.R,1.5_Weather_GDD_FPCA/Weather_GDD_PTR_V8.R,refactored_copy,8BA1BAD0F811E4E39D628DAE54722DDB4371561C4BB752B88798D57AC05224D5,01884F8D3C971D0D381FF48ED8C13A10DB682F5F8782A495B5563DF254A4FB88,6669,,Adapted for portable paths and explicit workflow inputs/outputs.
scripts/02_fpca_weather/agdd_weather_fpca_source.R,1.5_Weather_GDD_FPCA/Weather_GDD_Domain_FPCA_V2.R,refactored_copy,EA87614081562337D1092F1C21CA78658FBBAA7EE7E6B96C6DFAB56CEBFFE45F,1627F729FD63507B867E841C6E82B080B954FCC7E35BC3ED2E38B26437D8A968,3844,,Adapted for portable paths and explicit workflow inputs/outputs.
scripts/02_fpca_weather/clean_mnh1_2020_weather.R,1.5_Weather_FPCA/MNH1.2020_Weather_Data_Cleanup_V1.R,refactored_copy,890A473E742D9A8FCB3AB946B34570DD7A6F42E58EF0A3294D91D2C69F843FAD,7CD7D7C9E507A09F7AC9673ADD2A52779E1F84BD731330A55C78FD3EA40A386F,1627,,Adapted for portable paths and explicit workflow inputs/outputs.
scripts/02_fpca_weather/station_air_weather_fpca.R,1.5_Weather_FPCA/FPCA_Weather_Air_Temp_Manual_Cleanup_V1.R,refactored_copy,E4671A941CDF6737F1A176E3F80D2DAB3E81ECA0DDF1919293E243800D6F28FF,232E83CDD1A361557823C876095B3C0546F239619F469A68984B42D70C87C942,1074,,Adapted for portable paths and explicit workflow inputs/outputs.
scripts/02_fpca_weather/station_soil_weather_fpca.R,1.5_Weather_FPCA/FPCA_Weather_Soil_Temp_Manual_Cleanup_V3.R,refactored_copy,335CC90E286241CCBCE6BEBA86CC4A57058B884861B4C6091F52053649F97C1F,8A82B9AFCA1BF94FFFF8E04C54FD065797940E3CA717FCECA8744DED5AED94AE,1344,,Adapted for portable paths and explicit workflow inputs/outputs.
scripts/02_fpca_weather/vi_fpca_agdd_full.R,1.4_VI_FPCA_AGDD/VI_FPCA_AGDD_V3.R,refactored_copy,CF806CE8EEA364A803ECB68E63AD2C707342DB46718CFF1408DBD0A320113314,A0394E93BB1D3CE76E1A7914461481469E327825ECD23337FAFC95411A337D6A,1255,,Adapted for portable paths and explicit workflow inputs/outputs.
scripts/02_fpca_weather/vi_fpca_dap_full.R,1.4_VI_FPCA/Unified_FPCA_BLUEs_V9.R,refactored_copy,449FAAE959EDB3BF93877AF24BA3C54D1B8A813FCC67AAA8EFC7D2439C4ED0AD,98371BFE9DBCC0DBD9BC978A9A5B9E8EA148F99151B72C81BC59BCE1CA0F43E3,830,,Adapted for portable paths and explicit workflow inputs/outputs.
scripts/02_fpca_weather/weather_yield_correlations_all_dap.R,1.5_Weather_GDD_FPCA/Correlation_Analysis_FPCs_vs_Yield_V1.R,refactored_copy,9DE4DA4CB32F3315F59A0E57185EDCF45A8DE6401B3533EAEF61137E7C21C691,579DC1E5D1298B416AB408098CCEE265694B686D6B6C9B20E1DE9F67908475BD,3710,,Adapted for portable paths and explicit workflow inputs/outputs.
scripts/03_genomics/genomic_imputation.R,2.1_Genomic_Imputation/Genomic_Imputation_V8.R,refactored_copy,D8D684D147FDE66375D6334E8782FE91FBF917B799BA42D0A6F37A2EDFCF7112,0A183BAD95E482EC5F4F7A71BBBE723619F7AD1C0D979567EC8A35E1B0C1F2A0,4931,,Adapted for portable paths and explicit workflow inputs/outputs.
scripts/03_genomics/genomic_relationship_matrices.R,2.2_Genomic_Relationship/Genomic_Relationship_V8.R,refactored_copy,81D64B73FEB047B3F14DAABFCB2DED8E8D4B65B313D51264A65B6CA07BECD523,D02CAC8A8250C83D2307A4572A23E9A6DEBD5B738DCA7B529EF112133FB10194,2040,,Adapted for portable paths and explicit workflow inputs/outputs.
scripts/04_qtl/agdd/hprc_downstream.R,2.7_QTL_Mapping/QTL2_AGDD_FPCs_Downstream_Analysis_HPRC_V1.R,refactored_copy,F43050072DC59171A1BE35D15505E3B500D6D26866F5FA22ABBAE7E867B29DFF,113F00C9E4A5BAF060EFD77C1EA31C77509CC33DEAD678F233AEE3DD5C13F0E4,384,,Adapted for portable paths and explicit workflow inputs/outputs.
scripts/04_qtl/agdd/hprc_scan.R,2.7_QTL_Mapping/QTL2_AGDD_FPCs_HPRC_V1.R,refactored_copy,E3CF43665A8CDE748012E02C23E697F5807944D914B4FB3FD86D11242B515CE2,1EA6A4E857E4A1397E3BFD6CBB0C303ED4A8DD05A8EC9772BBE000856F9E0603,320,,Adapted for portable paths and explicit workflow inputs/outputs.
scripts/04_qtl/agdd/prepare_inputs_source.R,2.7_QTL_Mapping/QTL2_AGDD_FPCs_V1.R,refactored_copy,9D79C67B0F904E6EF1FFD6A1C5811138D447BB0B4DB33032361CAF754F6C6622,96FC2D34F19CB47141A73BE917C9DB4BDF9C37149B0AF6C0B0249D92797F3140,1131,,Adapted for portable paths and explicit workflow inputs/outputs.
scripts/04_qtl/dap/hprc_downstream.R,2.7_QTL_Mapping/QTL2_Standard_FPCs_Downstream_Analysis_HPRC_V2.R,refactored_copy,2470F0DD72EFDDEDDCDFAADE7D181F678E4BCE83AFEAC2D95514181773E98D7C,3C2A9A4F42F0D594A1064890CBEC8EF868D7B926CE1F0223BA223D6F4B915F3B,358,,Adapted for portable paths and explicit workflow inputs/outputs.
scripts/04_qtl/dap/hprc_scan.R,2.7_QTL_Mapping/QTL2_Standard_FPCs_HPRC_V2.R,refactored_copy,06EC973B218C3495EC3EF6DBA3B6C22D80DDAFCCBF6FB5E3DD3A18EE4DD00BB5,148808A2F74898F1B1EA58375BB97ADD1903E689B81A8FBEAB9E570B223992E5,279,,Adapted for portable paths and explicit workflow inputs/outputs.
scripts/04_qtl/dap/prepare_inputs_source.R,2.7_QTL_Mapping/QTL2_Standard_FPCs_V8.R,refactored_copy,D2F9DF6162D1542D15E060C3B9B1A71805D654C714F45C9A032E2F3F3875F2C7,41E82DF6247D3A8AAE0B71F7C60AEBBF567359E18D1747B6A5C33665A904CA38,1076,,Adapted for portable paths and explicit workflow inputs/outputs.
scripts/04_qtl/flowering_yield/compile_results.R,2.7_QTL_Mapping_Flowering_Yield/QTL2_Compile_All_Results_V1.R,refactored_copy,D2A929C57668DD71903C7AE32B7A3E72CD2E6D799F841C2F2371A5F9A68AA831,865703361AE3D15816B5596C1D482F7F6467BD1BD5DA22E3572AF35263DC8226,379,,Adapted for portable paths and explicit workflow inputs/outputs.
scripts/04_qtl/flowering_yield/hprc_downstream.R,2.7_QTL_Mapping_Flowering_Yield/QTL2_Flowering_Yield_Downstream_Analysis_V1.R,refactored_copy,F2D6FB4DB686D10E2CF6D7147102ECE400643F4665252EDE2B5DAF38B6F31392,AB8AC3162D9A4D5A169823073DDE8339F250F28378B56A7DE2AD8A8F3969D3DB,370,,Adapted for portable paths and explicit workflow inputs/outputs.
scripts/04_qtl/flowering_yield/hprc_scan.R,2.7_QTL_Mapping_Flowering_Yield/QTL2_Flowering_Yield_HPRC_V1.R,refactored_copy,543A3E17CE8705DFA17C38DB79F5535E2FD6FF684740C1DD3BA6FD05F5B1F34D,0039D7FC772D6C9A963A67765B029FC8FC45F1BB1608EE9BC9F561DE5667B7D3,291,,Adapted for portable paths and explicit workflow inputs/outputs.
scripts/04_qtl/flowering_yield/prepare_inputs_source.R,2.7_QTL_Mapping_Flowering_Yield/QTL2_Flowering_Yield_V2.R,refactored_copy,C8786D5E1A512A7BBE15DD64A53E2F3A5E38E87A81D808DBB3D1E9ABF62E0E03,A66FDDFF7EC17DCAC036E0396CEA258FE07EB7FAB2AC71E38F2329F3F385CBF3,876,,Adapted for portable paths and explicit workflow inputs/outputs.
scripts/04_qtl/hprc/agdd/downstream_array.sh,NEW_REPOSITORY_FILE,new_repository_file,,3260ED2CE705ACBDADB7D177BFAED5C743542028F40DA2D826E02D3CFF830042,428,,Repository workflow support file.
scripts/04_qtl/hprc/agdd/scan_array.sh,NEW_REPOSITORY_FILE,new_repository_file,,78183B3092FAEB689E10BD898D8146C95A7ABB76297AB099292B51E007296EE9,416,,Repository workflow support file.
scripts/04_qtl/hprc/dap/downstream_array.sh,NEW_REPOSITORY_FILE,new_repository_file,,EE439B82150283B18DA7E85482419AAC71366D3CE032ED719C6E8EA99E9B8DB3,426,,Repository workflow support file.
scripts/04_qtl/hprc/dap/scan_array.sh,NEW_REPOSITORY_FILE,new_repository_file,,C771BD44978F73F3B704D395B39DB847D9AC7614D8330DB02191F65E1A134FF8,414,,Repository workflow support file.
scripts/04_qtl/hprc/env_testers.txt,NEW_REPOSITORY_FILE,new_repository_file,,986992A72FDC394032B9D8267183F706938F882AD64B7489AC6E7D243AB60FAC,464,,Repository workflow support file.
scripts/04_qtl/hprc/flowering_yield/downstream_array.sh,NEW_REPOSITORY_FILE,new_repository_file,,677508730E96B5FDD2B4D68AAED7445500A729A31543743D15E70E8A57CD2AFF,450,,Repository workflow support file.
scripts/04_qtl/hprc/flowering_yield/scan_array.sh,NEW_REPOSITORY_FILE,new_repository_file,,5C5F207FB1E3FF4BD8EA3C08577432EFDDBC7EFBFB5F84166D1045119DA4202A,438,,Repository workflow support file.
scripts/04_qtl/hprc/run_array_task.sh,NEW_REPOSITORY_FILE,new_repository_file,,2856C8BCCA3FD49FCF59BA2C7257E2D05D14D4CB135C8BA302BE09169119C8E8,1784,,Repository workflow support file.
scripts/04_qtl/ld/calculate_regional_ld.R,2.7_Linkage_Disequilibrium/LD_V6.R,refactored_copy,1A7078E3439F6F6068F9437B3C65C992CA7DA9CE266FB449A086837D7517522C,88E43839B2A1F04B31D8D2C985A074BEF052B6BBE70D419E795AB9B7C48F3661,6105,current_source_available,Synchronized 2026-09-14; portable paths and explicit publication outputs. Original source preserved.
scripts/04_qtl/ld/README.md,NEW_REPOSITORY_FILE,new_repository_file,,6129C25B3A904FFB1733071DC5756846D61CA2E2C4FC49E66B4C54C338A9DEDA,1839,,Repository workflow support file.
scripts/04_qtl/README.md,NEW_REPOSITORY_FILE,new_repository_file,,454952290F8932EDB888753596B0A4F38B35C1D7A40C1F940F57A6FB8A9AC051,4786,,Repository workflow support file.
scripts/04_qtl/refinement/export_publication_tables.R,2.7_QTL_Results/Inspect_MaizeMine_Results_V2.R,refactored_copy,38E8433C6160940B5D176B10A248D63BB07112CB7102F281BFC8BC2D973A570B,E9381C6E6FD1E53E391D9E0239910B97225458D332290FAC270BCDF6546BDA68,2426,current_source_available,Offline export preserves Inspect V2 symbol filtering and grouping; adds 167-FPC-peak manuscript subset from full QTL results.
scripts/04_qtl/refinement/query_maizemine_interval.py,2.7_QTL_Results/Query_MaizeMine_Specific_Interval_V3.py,refactored_copy,7543448418DCA4ADE4363C8A8040A4251D6EB99991BCD43A5B55606DE89C7293,5563E9E46336BD52DA5B69C80C8AFA52781690DFC037AA0F23175D639702A37B,5049,current_source_available,Synchronized 2026-09-14; portable paths and explicit publication outputs. Original source preserved.
scripts/04_qtl/refinement/README.md,NEW_REPOSITORY_FILE,new_repository_file,,9658E6BED9D8DBC9DBE0D1578812300D15EA4F2C7A6984D23E59B405951A61D8,2440,,Repository workflow support file.
scripts/04_qtl/refinement/recalculate_intervals.R,2.7_QTL_Results/QTL2_Recalculate_Intervals_V1.R,refactored_copy,77822EB7EC5B39774A05CAAFB6011579335C6E12CEF3977E121F4EEBA32C3680,29B4B11B75FB6B9AB46316D65CCF940B02CC231E48B1A0DFEBEE7D0D8EDBA879,1890,,Adapted for portable paths and explicit workflow inputs/outputs.
scripts/04_qtl/refinement/rerun_maxmarg.R,2.7_QTL_Results/QTL2_Rerun_Maxmarg_V1.R,refactored_copy,F1C9FC3576C9E50C8C285BEECE8A85237A3BE1760BAF6DCC0057FC6AEE14411D,3A0799BFDEF4A73FD5B9CE976184069124F3FFC220250ACBC75D2661B9973194,3961,,Adapted for portable paths and explicit workflow inputs/outputs.
scripts/04_qtl/shared/compile_qtl_results.R,NEW_REPOSITORY_FILE,new_repository_file,,3277BE5671D2954FF0B6EA2BE5F98AE04AFAA3BF8702285953A1D707E8968782,4757,,Repository workflow support file.
scripts/04_qtl/shared/compile_vi_qtl_results.R,2.7_QTL_Mapping/QTL2_Compile_All_Results_V1.R,refactored_copy,B200385CE0AEE4BC489E057DCE0445536B87E03275AF3CC6A0545C32217A7194,882DA4959A0A77CB237ADBB1233675AF943952C5EB5DD9D85C6D62C4865C1DA1,362,,Adapted for portable paths and explicit workflow inputs/outputs.
scripts/04_qtl/shared/prepare_cross_inputs.R,NEW_REPOSITORY_FILE,new_repository_file,,6126A121794F19B2194A4BC17FE04EC2313A543640F39D18053FA447AB719B7B,3214,,Repository workflow support file.
scripts/04_qtl/shared/qtl_paths.R,NEW_REPOSITORY_FILE,new_repository_file,,68DDA64E2156F6DCA5D950B7B78C0253F88E94996837A9A2BA70091674938433,3477,,Repository workflow support file.
scripts/04_qtl/shared/run_qtl_downstream.R,NEW_REPOSITORY_FILE,new_repository_file,,5723A348454DE247A2C1C90A88669BE59129107806AE6C1C9FB03019850E346A,3654,,Repository workflow support file.
scripts/04_qtl/shared/run_qtl_scan.R,NEW_REPOSITORY_FILE,new_repository_file,,C8DF3278B692B11BAF7A67E501C048C7218DA09BA09E32579CECB90F63D3F4B8,3941,,Repository workflow support file.
scripts/05_prediction_cv/agdd/audit_noze_results.sh,3.6_Pred_Code_CVs_FPCA_Projections_AGDD/DAP_CV_Audit_NoZe_V1.sh,refactored_copy,8014EC6D4086FE083EE7A146CB3840D1059226073C8CA099B5EFD3B1A59E43C0,26D5C71AD2C10D6938B8329369D9D096305A6681A3BE34C03CD9F6353FB607D5,894,,Adapted for portable paths and explicit workflow inputs/outputs.
scripts/05_prediction_cv/agdd/build_constant_kernels.R,3.6_Pred_Code_CVs_FPCA_Projections_AGDD/DAP_CV_Constant_Kernels_V1.R,refactored_copy,A6C0C31074C1CF8DC6484C9034AC35E1E00935FA1CC133AD1724FD0D27783C5C,D0B0D9A7CD6B34688E7823C7EB2EADC715B95AE2AA6BBAA6C6C4654998A617A8,5498,,Adapted for portable paths and explicit workflow inputs/outputs.
scripts/05_prediction_cv/agdd/build_fold_kernels.R,3.6_Pred_Code_CVs_FPCA_Projections_AGDD/DAP_CV_Prediction_Setup_V1.R,refactored_copy,0B68CB21C65A1E949AAB1278ADA5002DEF48DA6D572A3568FCFCFCC709CF2C5A,6C97B1E1BCB44A821B17D2F42F6ABBF3D2CDA2DC70869815F7E7E2B5DC66A2B3,16252,,Adapted for portable paths and explicit workflow inputs/outputs.
scripts/05_prediction_cv/agdd/build_metadata.R,3.6_Pred_Code_CVs_FPCA_Projections_AGDD/DAP_CV_Metadata_V1.R,refactored_copy,7D7C6083D0CC071D88F388D09A3BCE476B9CF9643BF7473850E910CCC4CA4D43,A3684274CF01F43B0FA0389EC48819C3F7C9E92A7A0D23DBF76F7D1B7F351899,6890,current_source_available,Synchronized 2026-09-14; portable paths and explicit publication outputs. Original source preserved.
scripts/05_prediction_cv/agdd/build_weather_inputs.R,3.6_Pred_Code_CVs_FPCA_Projections_AGDD/DAP_CV_Weather_Setup_V2.R,refactored_copy,CB923E25B9C28BC075C1C00E1FF54B64ACFD3DD5FBA3E6E5F5B029351BD69DF5,6804D1B9102890244FF0BF4026BFC01DB00B349F28DEE9CBD5E16E90509111C7,13324,,Adapted for portable paths and explicit workflow inputs/outputs.
scripts/05_prediction_cv/agdd/config.sh,3.6_Pred_Code_CVs_FPCA_Projections_AGDD/cv_fpca_config.sh,refactored_copy,4F93D483DC4EA1DFCB8B8AB706C8A88D59488FCB9F786DA11CB1137817414C81,DB8EF2484EC3C4B1424DA6265003B3ED12E34FBFF04A5CE8DD6060377D56F2B7,3089,,Adapted for portable paths and explicit workflow inputs/outputs.
scripts/05_prediction_cv/agdd/prepare_workflow.sh,3.6_Pred_Code_CVs_FPCA_Projections_AGDD/DAP_CV_Prep_V1.sh,refactored_copy,49DF69E0C10E8D2D2357E14F628EDA5FB3175F4085B76B331485CFD155BC4FE7,5CFE9375FF19F86549865F2570199C72CBE8D9A235EBC8FE7A5DB049D260B314,2997,,Adapted for portable paths and explicit workflow inputs/outputs.
scripts/05_prediction_cv/agdd/preprocess_agdd_inputs.R,3.6_Pred_Code_CVs_FPCA_Projections_AGDD/AGDD_CV_Preprocess_V1.R,refactored_copy,466C566B0059ED15E36B4CF99C485F3A970E7DB26D7EC1561E88443A7F5E4523,B0A532BFE966FBB06484EBCCFAD8B62C42B823C21356FA1F9C9174082859D46C,8197,,Adapted for portable paths and explicit workflow inputs/outputs.
scripts/05_prediction_cv/agdd/run_prediction.R,3.6_Pred_Code_CVs_FPCA_Projections_AGDD/DAP_CV_Prediction_V2.R,refactored_copy,A40DC5C4B2AE7AAB64DB6ED5358CCC4D3FFEE15BD10DDEF6E5319B7F324F2DA0,74F0AE6237C6F08679419823CEF9D941D0E3EBBE98ADDD51831B2AFAF95E8FBD,16118,current_source_available,Synchronized 2026-09-14; portable paths and explicit publication outputs. Original source preserved.
scripts/05_prediction_cv/agdd/setup_cv000_array.sh,3.6_Pred_Code_CVs_FPCA_Projections_AGDD/DAP_CV_Setup_CV000_V1.sh,refactored_copy,9C61E745F4442BE073C39225FD23121503A8539DF9543BEF2957D8A53A257AD8,92BB04FF66934472D5EF6A53AFB7033799BB3C76A88803A0901448E08502D96C,1904,,Adapted for portable paths and explicit workflow inputs/outputs.
scripts/05_prediction_cv/agdd/setup_cv21_array.sh,3.6_Pred_Code_CVs_FPCA_Projections_AGDD/DAP_CV_Setup_CV21_V1.sh,refactored_copy,BD17F031C0605FAF92B83BB6AE9BA81818562B97E2393653BD6C0942E76D3459,D89875D23DB7C94D339E5C6936C31211E536C0D7D48F7D73A0CC4672895FE4BD,1899,,Adapted for portable paths and explicit workflow inputs/outputs.
scripts/05_prediction_cv/agdd/smoke_test.R,3.6_Pred_Code_CVs_FPCA_Projections_AGDD/DAP_CV_Local_Smoke_Test.R,refactored_copy,336E85B1C140848EF767850F4400D419120DFCF4E965C4A296D7843DDEC6EB82,149ED31055EE970F65744BE2A8EBADCE500778E2EC59A212B6B13222C5D1E082,1389,,Adapted for portable paths and explicit workflow inputs/outputs.
scripts/05_prediction_cv/agdd/submit_cv000_noze.sh,NEW_REPOSITORY_FILE,new_repository_file,,D8C7CAB21864D0D4F404BAC652ADF3CB466BA260D5CD1FE3F129B48F209500F0,669,,Repository workflow support file.
scripts/05_prediction_cv/agdd/submit_cv000_noze_missing.sh,3.6_Pred_Code_CVs_FPCA_Projections_AGDD/DAP_CV_Prediction_CV000_NoZe_MissingOnly_V1.sh,refactored_copy,8ED201EE48482555A9172303E3F3FAB211BED20C88B27F1C5E1B7A080BBCA8DD,1F20DB995998284A7109C1FFBA6DB7F64421ECB91106554AC16B02DE2D35A828,2161,,Adapted for portable paths and explicit workflow inputs/outputs.
scripts/05_prediction_cv/agdd/submit_cv21_noze.sh,NEW_REPOSITORY_FILE,new_repository_file,,4FA5EC886286C02EBA25C7E4FE6E6B1682956920C257A4FA9F7BE07D0CEA2233,665,,Repository workflow support file.
scripts/05_prediction_cv/agdd/submit_cv21_noze_missing.sh,3.6_Pred_Code_CVs_FPCA_Projections_AGDD/DAP_CV_Prediction_CV21_NoZe_MissingOnly_V1.sh,refactored_copy,8B867159B9879531E15491C438D78245D5FBD96BEFBA7BFD7CCADC1ED6819745,005748B5F6E06DE216616C5DDE0F0B117EF8D8B2928CFB529462E9114E682E8D,2155,,Adapted for portable paths and explicit workflow inputs/outputs.
scripts/05_prediction_cv/agdd/verify_results.R,3.6_Pred_Code_CVs_FPCA_Projections_AGDD/DAP_CV_Verify_Prediction_Results_V2.R,refactored_copy,4CACEB7853FE42681AC418DDE7E55D526503C1D31A31E656EEB6AC1ABDA6B79E,68AABFF0180ABD5443300C1E1EAA936D31400C58F0F25FDC53826CE5857BE585,12378,,Adapted for portable paths and explicit workflow inputs/outputs.
scripts/05_prediction_cv/dap/audit_noze_results.sh,3.6_Pred_Code_CVs_FPCA_Projections_DAP/DAP_CV_Audit_NoZe_V1.sh,refactored_copy,331105B3EE24D76023372CA2CEA3E36A8A06A75FD9175F5DAE088C8806715D71,3516BE232387F6A975E4144E6A6D9C8A404A9FF0CDD46ACF8A03340A8CED5371,893,,Adapted for portable paths and explicit workflow inputs/outputs.
scripts/05_prediction_cv/dap/build_constant_kernels.R,3.6_Pred_Code_CVs_FPCA_Projections_DAP/DAP_CV_Constant_Kernels_V2.R,refactored_copy,19AA53B5C2CDC62E576E513A6C642C90916317EA6A142EC85E2CBE8B7BCEAF6E,DEB006988EFA08A81D5E164A94E029BA055374D571DBE8114DBF95E40CBF943C,5806,,Adapted for portable paths and explicit workflow inputs/outputs.
scripts/05_prediction_cv/dap/build_fold_kernels.R,3.6_Pred_Code_CVs_FPCA_Projections_DAP/DAP_CV_Prediction_Setup_V2.R,refactored_copy,C15E6DB666CA362C1A0F47C445E7BD1B06E3FE0C7DBC535B211105BDE8FA8B2C,42BA0F874B66429795AB891B63511BCE90222CE56E806CA2C71A974719EBA9D0,19396,current_source_available,Synchronized 2026-09-14; portable paths and explicit publication outputs. Original source preserved.
scripts/05_prediction_cv/dap/build_metadata.R,3.6_Pred_Code_CVs_FPCA_Projections_DAP/DAP_CV_Metadata_V2.R,refactored_copy,09BA0A7653077CEDA92281D7D810CA1B66DA632000E7BF11B38CAE50CC756775,D7B2DA00871DCE487A54639B40066830A29D64768491E36D7711AF4E1ACCCF86,10942,current_source_available,Synchronized 2026-09-14; portable paths and explicit publication outputs. Original source preserved.
scripts/05_prediction_cv/dap/build_weather_inputs.R,3.6_Pred_Code_CVs_FPCA_Projections_DAP/DAP_CV_Weather_Setup_V3.R,refactored_copy,4852497AFC78D0B4799D90FAA5512BF6DDE2666C27C2F9C70F8F5F859945E393,2DA50F008100D14E970745424995AD013ECEAE6681199E942E67A61678AE4686,13662,,Adapted for portable paths and explicit workflow inputs/outputs.
scripts/05_prediction_cv/dap/config.sh,3.6_Pred_Code_CVs_FPCA_Projections_DAP/cv_fpca_config.sh,refactored_copy,599F54C76284FAD3A9577776E41E24A90D795B9BC74FB4F32A52C5C35BAF5A95,85061D06E04A856FABE1F70142714DCDEE6E65253F688F5D2D255339D875E8F7,2733,,Adapted for portable paths and explicit workflow inputs/outputs.
scripts/05_prediction_cv/dap/prepare_workflow.sh,3.6_Pred_Code_CVs_FPCA_Projections_DAP/DAP_CV_Prep_V1.sh,refactored_copy,F5685AB359A1D01DCC3C568D5876D5D85CA66C03F58C7F17B1CB063431401B0A,1545C864773E55E72FCA295D06E27C08D562EE5FCA55D85F11001F685862467A,2787,,Adapted for portable paths and explicit workflow inputs/outputs.
scripts/05_prediction_cv/dap/relationship_matrix_helpers.R,3.6_Pred_Code_CVs_FPCA_Projections_DAP/DAP_CV_M8_M10_Relationship_Matrix_Setup_Annotated_V2.R,refactored_copy,B9D7B83F612DC5DDB401A7648272FABE4326A1D6EB35C47A6B7DEE1F06C2D466,68D93B39BB6BAAC0B351500567F435EB1CEF4C4BBE9C52CB1F3963D31AFC5799,19150,,Adapted for portable paths and explicit workflow inputs/outputs.
scripts/05_prediction_cv/dap/run_prediction.R,3.6_Pred_Code_CVs_FPCA_Projections_DAP/DAP_CV_Prediction_V2.R,refactored_copy,4771047CD88C110C24B859755741FEE4578F3E277839E44C097F01F641D99AB9,ED2992665D7075FF5B75EE1EB25D0FE5A875670BD8D0D128681B7CA88FCC3917,16117,current_source_available,Synchronized 2026-09-14; portable paths and explicit publication outputs. Original source preserved.
scripts/05_prediction_cv/dap/setup_cv000_array.sh,3.6_Pred_Code_CVs_FPCA_Projections_DAP/DAP_CV_Setup_CV000_V1.sh,refactored_copy,D8212F8BE7D3B9848025AB25341997C895DD23F381387260A9CB27E611329D12,F35D6EDAED4A3FC234FC8FF2C10CE11DA572F2996AB1B2F770A2581DEDD8179E,1903,,Adapted for portable paths and explicit workflow inputs/outputs.
scripts/05_prediction_cv/dap/setup_cv21_array.sh,3.6_Pred_Code_CVs_FPCA_Projections_DAP/DAP_CV_Setup_CV21_V1.sh,refactored_copy,D13983D26DC5B997E6A48140AF325AD2620A4A62C5CAF7BCA6686BBA5529BF70,9C5EBFC8E173BB15448A2CD9C52D131202027F6F24D5EAF92108301FCABDE20A,1898,,Adapted for portable paths and explicit workflow inputs/outputs.
scripts/05_prediction_cv/dap/smoke_test.R,3.6_Pred_Code_CVs_FPCA_Projections_DAP/DAP_CV_Local_Smoke_Test_V2.R,refactored_copy,7C9430C2E88B22A3FB049D81748668AB90CA6B175C71D66071C701D3D51E188B,8697F1180774172549E1A1157C816B1554EBBC1BEB159448796C9C295BFE2FB1,1311,,Adapted for portable paths and explicit workflow inputs/outputs.
scripts/05_prediction_cv/dap/submit_cv000_noze.sh,NEW_REPOSITORY_FILE,new_repository_file,,92808AC126EAE0CC85470A9D6C0483CA3AD9B340C5530F85D62ADE1CE2132939,668,,Repository workflow support file.
scripts/05_prediction_cv/dap/submit_cv000_noze_missing.sh,3.6_Pred_Code_CVs_FPCA_Projections_DAP/DAP_CV_Prediction_CV000_NoZe_MissingOnly_V1.sh,refactored_copy,01187B2C95F46F3B754F90E5789D9C87C5B2B89CCBB83567D140F67CFD1CC099,B2180DB583F80540F82602349AF9074FDAD455183031B9B1995792221F245A6C,2159,,Adapted for portable paths and explicit workflow inputs/outputs.
scripts/05_prediction_cv/dap/submit_cv21_noze.sh,NEW_REPOSITORY_FILE,new_repository_file,,7BFEB43CF18857CFCFC4463E2EFADF05423068FCAF3103878AB8BF090E77F5CE,664,,Repository workflow support file.
scripts/05_prediction_cv/dap/submit_cv21_noze_missing.sh,3.6_Pred_Code_CVs_FPCA_Projections_DAP/DAP_CV_Prediction_CV21_NoZe_MissingOnly_V1.sh,refactored_copy,E71EE605AB90A7BA0BCE85BB8277BE2E8144DA041C2BAC357AD0B02E914CBED7,63A3E859604B68F4066BD73F64BF640BA21B02982925B1C2168FE8E5E35AE8D7,2153,,Adapted for portable paths and explicit workflow inputs/outputs.
scripts/05_prediction_cv/dap/verify_results.R,3.6_Pred_Code_CVs_FPCA_Projections_DAP/DAP_CV_Verify_Prediction_Results_V2.R,refactored_copy,D4E15E3E4FC8240224A9F98D82B91E028721385CD80CFC649EF4FCA2999418D5,CBE3743B01549FE36552C0C4913CD963C3142BEF3B9DCA2FE71198CABD77C19E,12372,,Adapted for portable paths and explicit workflow inputs/outputs.
scripts/05_prediction_cv/derive_common_females.R,3.6_Pred_Code_Common_Females/Common_Females.R,refactored_copy,6002D7742E9F511EC5E5465D2A8AB3945E48134418BDFDA850FB2D120D46448C,15EE82943F7ACD3091DE75368BBEFDD34E59358D1F991BFF85E0F8D1C85EBB9B,991,current_source_available,Synchronized 2026-09-14; portable paths and explicit publication outputs. Original source preserved.
scripts/05_prediction_cv/path_helpers.R,NEW_REPOSITORY_FILE,new_repository_file,,1ED8EA00DCEF45599089B3408FD98E11B0186C361E7D674B80147F05129FB571,2334,,Repository workflow support file.
scripts/05_prediction_cv/prediction_array_task.sh,NEW_REPOSITORY_FILE,new_repository_file,,B65200CF07E28B3E8FA7045E3BC108C8C675F021D8CE3CA1A06EE474F468286B,2210,,Repository workflow support file.
scripts/05_prediction_cv/README.md,NEW_REPOSITORY_FILE,new_repository_file,,31782EE0BCCC53C1EE44B2C0069BFEC380FF38CD19F40C86F8A5D7AD681CEBB6,2750,,Repository workflow support file.
scripts/06_prediction_loeo/agdd_heldout_environments.txt,3.6_Pred_Code_LOEO_FPCA_Projections/DAP_LOEO_Heldout_Environments.txt | 3.6_Pred_Code_LOEO_FPCA_Projections/AGDD_LOEO_Heldout_Environments.txt,exact_copy,B5230C6057124096D28783DD19E3F6B9C19E7ABA76CC89AAC1BE0D10F679485E,B5230C6057124096D28783DD19E3F6B9C19E7ABA76CC89AAC1BE0D10F679485E,190,,Adapted for portable paths and explicit workflow inputs/outputs.
scripts/06_prediction_loeo/build_agdd_kernels.R,3.6_Pred_Code_LOEO_FPCA_Projections/AGDD_LOEO_Prediction_Setup_V3.R,refactored_copy,7BFE8BCDF2E4D8388F91B85B3BBCBF7D027E3AF818C47A230B1D51ED56BC78A7,E1C520AF3B001CE4B1E03DD0E06C51C99C9807A0BCD35EE7E6FCE887FC40B6C5,14415,,Adapted for portable paths and explicit workflow inputs/outputs.
scripts/06_prediction_loeo/build_dap_kernels.R,3.6_Pred_Code_LOEO_FPCA_Projections/DAP_LOEO_Prediction_Setup_V5.R,refactored_copy,AFDCF5538B4841761347DD2D8C4874F56582956F4E810C7FD012DD10B35B2FE3,1A0A0DA262A5B326F15CCC1E3B30A3D5042583627F354BEF3385927E9049A4E5,14412,,Adapted for portable paths and explicit workflow inputs/outputs.
scripts/06_prediction_loeo/config.sh,NEW_REPOSITORY_FILE,new_repository_file,,49DC49BE693A27B69948C628810E59B743B3D669416BCC9CF980B53136ED7E64,1562,,Repository workflow support file.
scripts/06_prediction_loeo/dap_heldout_environments.txt,3.6_Pred_Code_LOEO_FPCA_Projections/DAP_LOEO_Heldout_Environments.txt | 3.6_Pred_Code_LOEO_FPCA_Projections/AGDD_LOEO_Heldout_Environments.txt,exact_copy,B5230C6057124096D28783DD19E3F6B9C19E7ABA76CC89AAC1BE0D10F679485E,B5230C6057124096D28783DD19E3F6B9C19E7ABA76CC89AAC1BE0D10F679485E,190,,Adapted for portable paths and explicit workflow inputs/outputs.
scripts/06_prediction_loeo/path_helpers.R,NEW_REPOSITORY_FILE,new_repository_file,,6C4A62F9F71DF410CA209DFC9B7BCFC40A65F4CE0A112489F67336634078697E,2401,,Repository workflow support file.
scripts/06_prediction_loeo/prediction_job_array.txt,3.6_Pred_Code_LOEO_FPCA_Projections/G2F_Prediction_Job_Array.txt | ARCHIVE/3.2_Prediction_Code/G2F_Prediction_Job_Array.txt,refactored_copy,CD3A143F00A212D8779E873214CA44DE5336729CB6CEF44CE03FD9D3107674C6,3A99856598AE508EEF3F5D6BC87269791E05D9596BD0244E409BAAD9B5658F7E,4199,,Adapted for portable paths and explicit workflow inputs/outputs.
scripts/06_prediction_loeo/project_agdd_fpca.R,3.6_Pred_Code_LOEO_FPCA_Projections/AGDD_FPCA_Projections_LOEO_V3.R,refactored_copy,130201584C3749550D78E6883122D20B76846AE456221A7475F4FC4A8B4402AE,D9835D51D90891B6EC8745AA125F5945FCA59EA6E34AEB8D1B7F83B74EAA952E,12292,,Adapted for portable paths and explicit workflow inputs/outputs.
scripts/06_prediction_loeo/project_dap_fpca.R,3.6_Pred_Code_LOEO_FPCA_Projections/DAP_FPCA_Projections_LOEO_V2.R | 3.6_Pred_Code_LOEO_FPCA_Projections/Archive/DAP_FPCA_Projections_LOEO_V1.R,refactored_copy,12913483D9F3E0103BC4B52DE64FC83AF647D29EDDA941B8C1A32861D33E8978,FE024AF8CF437F7402B903A35725F0E1CF9EEFDE6DE88D8AA78DBD0C1D4A5836,9804,,Adapted for portable paths and explicit workflow inputs/outputs.
scripts/06_prediction_loeo/README.md,NEW_REPOSITORY_FILE,new_repository_file,,463B3A3C3BAE20F4EBE025F1B360BB5A657A0081416DFA9E80592C520FB84B35,1823,,Repository workflow support file.
scripts/06_prediction_loeo/relationship_matrix_helpers.R,3.6_Pred_Code_LOEO_FPCA_Projections/LOEO_M8_M10_Relationship_Matrix_Setup_Annotated.R,refactored_copy,EA1EFDE5B99996CA7B2D5CBEB302BCC298F668DA1BE7EB931B38C1ECE603517C,14743AB6C3F3930D26F0784D4FD10974606BE935FD1AAB6FC405179AA05CCBCB,23596,,Adapted for portable paths and explicit workflow inputs/outputs.
scripts/06_prediction_loeo/run_agdd_prediction.R,3.6_Pred_Code_LOEO_FPCA_Projections/AGDD_LOEO_Prediction_V2.R,refactored_copy,302855152B03BF7883AA57ED4FAFAB9450165C4D88C012417738315DB83FA828,B0DC13E64253CCC3CC70B648F4CBE0560632AF24FF6E81713D11F27A7E98B5B8,4823,,Adapted for portable paths and explicit workflow inputs/outputs.
scripts/06_prediction_loeo/run_dap_prediction.R,3.6_Pred_Code_LOEO_FPCA_Projections/DAP_LOEO_Prediction_V2.R,refactored_copy,6E94149F9045B2F2F9DFF8F1296613B688CC8A347449D97F49F2B3B9ADCD18C3,66CEC155F37D3256FEF0EEDFA91D1A72EE994B5FCEB4AC3E5AF1B95B2603804A,4822,,Adapted for portable paths and explicit workflow inputs/outputs.
scripts/06_prediction_loeo/setup_agdd_array.sh,3.6_Pred_Code_LOEO_FPCA_Projections/AGDD_LOEO_Prediction_Setup_V3.sh,refactored_copy,862F48F1ACC35679F270ECAF4363E88D588D3920CFCC2EA0052CEC2D6165942F,A0D4E43A5A297FBB850A650E6E56B9DCE8F30AAB198C9E9D7BEDA2F6A847A903,1236,,Adapted for portable paths and explicit workflow inputs/outputs.
scripts/06_prediction_loeo/setup_dap_array.sh,3.6_Pred_Code_LOEO_FPCA_Projections/DAP_LOEO_Prediction_Setup_V5.sh,refactored_copy,1C8DD4992F388B74A35F1443A6FC783216893652B51303759146B99FC8DDFEFD,6CC52B3E5E03567CAEE1D67CFAEF7756D39819F117931B58CBCE748919DCCAA0,1232,,Adapted for portable paths and explicit workflow inputs/outputs.
scripts/06_prediction_loeo/smoke_test.R,3.6_Pred_Code_LOEO_FPCA_Projections/LOEO_M8_M10_Smoke_Test.R,refactored_copy,53CCAC6B12B0CE3861CD62391981233EC1626207D4D214ABADE9C8710DF727B9,A2C04C645F89D5F910F2DC2EF63A1328392984F5384F50F1C76EFA3E69BC6C6A,1455,,Adapted for portable paths and explicit workflow inputs/outputs.
scripts/06_prediction_loeo/submit_agdd_noze.sh,NEW_REPOSITORY_FILE,new_repository_file,,B921B4CD43A68E7FD52A4E55BD0E2230B4D93D093FAE732A00116896537CB2EF,1240,,Repository workflow support file.
scripts/06_prediction_loeo/submit_dap_noze.sh,NEW_REPOSITORY_FILE,new_repository_file,,B23C86A7B091A58571BD2E449AA0AA15A667F1ECC37A585341FA05E98B665F40,1237,,Repository workflow support file.
scripts/07_results_figures/drone/build_drone_data_table_source.R,4.3_Drone_Data_Description_Table/Drone_Data_Description_Table_V4.R,refactored_copy,849D0C42EBECA84E33A2C91FD6A5A2E60735799FD15CA0DCC0160A5D7B978E40,114F938B69C6E2D323630B9E0478C38BAE93452C2840CEDCEBBDEBEC0357DE6A,1166,,Adapted for portable paths and explicit workflow inputs/outputs.
scripts/07_results_figures/drone/extract_orthomosaic_gsd.R,4.3_Drone_Data_Description_Table/Obtain_GSDs_From_Orthos_V1.R,refactored_copy,68277F4BFA25D7202CD7D7AA73CA210D0BA72E002FEEC648BAE29E00F601332B,0C6405FFE1CF687408DF621DF8A42420DF183D11E5665EBF7715B7AE6A3A8C99,2951,,Adapted for portable paths and explicit workflow inputs/outputs.
scripts/07_results_figures/figures/plot_agdd_biplots.R,4.2_Final_Figures/FPC_Trajectories_Biplots/FPC_Trajectories_Biplots_AGDD_V1.R,refactored_copy,F7BFC06E3A872B80EED46E5F89E482F0B81C2568FE819ECD0D9B36CD2C30E9B9,656EA347C1CB9E729796FAA5DAB42A326013648F86E577DDC43E9DD58D43DF1F,7462,current_source_available,Synchronized 2026-09-14; portable paths and explicit publication outputs. Original source preserved.
scripts/07_results_figures/figures/plot_fpca_trajectories_biplots.R,4.2_Final_Figures/FPC_Trajectories_Biplots/FPC_Trajectories_Biplots_V2.R,refactored_copy,8877DEB73ED9F37016BA68F8A98BB013296BC9A7689421A641E4D490F82F2325,D078B4C50898C37EBA1B611B1D03E3E64BE04C3ECC64F8B6714B773B6D357311,13705,current_source_available,Synchronized 2026-09-14; portable paths and explicit publication outputs. Original source preserved.
scripts/07_results_figures/figures/plot_paired_prediction_comparisons.R,4.2_Final_Figures/Prediction_Results/G2F_Paired_Prediction_Plots_V2.R,refactored_copy,F66D4FBB6EAB9C8CDB52BF1741DC82547F747B43BCA09F10009DE4799AA18F01,32723853AB702245B7B84D9F49BBC28994DDE39FE1172E26AC92E78B4D0CF3D1,17588,current_source_available,Synchronized 2026-09-14; portable paths and explicit publication outputs. Original source preserved.
scripts/07_results_figures/figures/plot_prediction_results.R,4.2_Final_Figures/Prediction_Results/G2F_LOEO_CV_TNP_V6.R,refactored_copy,3C3E583E963A619125897F782212D2A81924BC7CA1072E21C80E00107B93CEE6,CF2D68F1182338D1FE34CDE4143252F7687DF10DCCBF3D3B64975E5405262CBA,4889,current_source_available,Synchronized 2026-09-14; portable paths and explicit publication outputs. Original source preserved.
scripts/07_results_figures/figures/plot_qtl_presence.R,4.1_Preliminary_Figures/QTL_V2/QTL_with_CIs_V4.R,refactored_copy,410CE6D455E9088512A5227A744B731DE71A2CE5A791BB7EDD3A8EBCF50DAC4A,5A7EA338680D72AECE655AFFA4457913C9E50DE01373A1F2A15E998366628DCA,3175,current_source_available,Synchronized 2026-09-14; portable paths and explicit publication outputs. Original source preserved.
scripts/07_results_figures/figures/plot_qtl_trajectories.R,4.2_Final_Figures/BLUP_LOD_Trajectories/BLUP.LOD.Pheno.Geno.FPC.Trajectories.V3.R,refactored_copy,E8A2AB7A5350CB35B88B2F5DE23453555E0CF65BA9C1D90AF76CF245C27B4875,E013A03A9ADD3581A871E8CDFAE3DC65246FFFFA3A56F6D6FFB5629D9408F378,10972,current_source_available,Synchronized 2026-09-14; portable paths and explicit publication outputs. Original source preserved.
scripts/07_results_figures/figures/plot_variance_components.R,4.2_Final_Figures/VIs_Yield_VarComp/VIs_Yield_VarComp_V3.R,refactored_copy,55C24251BEA18C1AE0B933F4484F3931DED293F5293B8AE07BC771F9DF356779,7750C0D42BC10F005D4BEB34399272D5D48914EF8E1C0555AC4098BA8F3B2874,6601,current_source_available,Synchronized 2026-09-14; portable paths and explicit publication outputs. Original source preserved.
scripts/07_results_figures/figures/plot_weather_yield_correlations.R,4.2_Final_Figures/Env_FPCs_Yield_Cor/Env_FPCs_Yield_Cor_V3.R,refactored_copy,D6C462F7CB40EE3C74C7B9E857F4B636EDF3884FFE403517522AEEC0F1076607,E0582AA2C63542FE6895911C86D6413F6714B48BE4BF69D8CDD8D4C235B6B125,4421,current_source_available,Synchronized 2026-09-14; portable paths and explicit publication outputs. Original source preserved.
scripts/07_results_figures/prediction/compile_cv_results.R,3.4_Prediction_Analysis_CV_Projections/Summarize_All_Prediction_Results_V6.R,refactored_copy,8BDD16F9F5204CFC6BECD3BCE1EAB6924DE54D4EBD36A53B6F17E90626416277,F2C5A3A02E95FFE072C01E6FA64135BB0240CC272B7FF0450661BAF7E11A1B14,1465,current_source_available,Synchronized 2026-09-14; portable paths and explicit publication outputs. Original source preserved.
scripts/07_results_figures/prediction/compile_loeo_results.R,3.4_Prediction_Analysis_LOEO_Projections/Pred_Analysis_LOEO_Projections_V4.R,refactored_copy,2CDE25FDB7025048DBE49D717B060479CFE314CD6FB5AC6B931A404325945014,9AB0A5559F89534A22BE4ED29BC680460FB1EFB6E6A4A0ABCBC721BFFB19C9D8,2226,,Adapted for portable paths and explicit workflow inputs/outputs.
scripts/07_results_figures/prediction/README.md,NEW_REPOSITORY_FILE,new_repository_file,,6808B790C7F2BC44DEA622AD0C8A2808EA52BABA3B2A229C7726AE07792C0266,1508,,Repository workflow support file.
scripts/07_results_figures/prediction/summarize_all_prediction_results.R,3.4_Prediction_Analysis_CV_Projections/Summarize_All_Prediction_Results_V6.R,refactored_copy,8BDD16F9F5204CFC6BECD3BCE1EAB6924DE54D4EBD36A53B6F17E90626416277,872151368324946EFCA6210390967132B7106C986C40D4BCE09FB60C634AC332,9614,current_source_available,Synchronized 2026-09-14; portable paths and explicit publication outputs. Original source preserved.
scripts/README.md,NEW_REPOSITORY_FILE,new_repository_file,,AD4A7D562E6AB490153802E49D4B93F88F86BA2851898E765A20924D741B7A48,608,,Repository workflow support file.
scripts/validate_manifests.py,NEW_REPOSITORY_FILE,new_repository_file,,85C2772A5EFD9A51FA8AEDDA269ADEE43A4CD19BCE717D4AB5566C3851C067E0,5221,,Repository workflow support file.
scripts/validate_release.py,NEW_REPOSITORY_FILE,new_repository_file,,DB09FB29A56B53B12AC00F2906F1C0D54D9F36F421AF536F9E3F3E2F40ADC4F2,23260,,Repository workflow support file.
scripts/validate_repository.R,NEW_REPOSITORY_FILE,new_repository_file,,1F3B46E38B6489A224BA2FB625983DF7B2D0F5F5D12BB563FD194C60B455C1B9,1896,,Repository workflow support file.
scripts/02_fpca_weather/vi_yield_correlations.R,4.1_Preliminary_Figures/Unified_FPCA_Yield_Cor/Unified_FPCA_Yield_Cor_V6.R,refactored_copy,174956AC17FDEB14EA408C00664C364F334DD6F7B2B76A01CB18D4E740154EF3,DF992D6ABAA229650C881D9A7FE507A7FBA138F5B839A7467E80F1199784953C,6243,current_source_available,"Explicit DAP/AGDD runs and CSV exports; preserves Pearson correlations on the canonical 10,109-record cohort with five DAP and seven AGDD FPCs. Key-based alignment and input checks replace interactive selection."
