Method,Model,Time_Domain,CV,Seed,Within_Environment_r,Pooled_Pearson
BGLR,M1.G,AGDD,CV1,1,0.275256066030416,0.436867987882955
BGLR,M1.G,AGDD,CV1,2,0.280920771599359,0.43910329723908
BGLR,M1.G,AGDD,CV1,3,0.284665426649146,0.440547626393625
BGLR,M1.G,AGDD,CV1,4,0.278797818560785,0.439144448035886
BGLR,M1.G,AGDD,CV1,5,0.279874644207356,0.438350569016778
BGLR,M1.G,AGDD,CV1,6,0.28645765149665,0.440314064101011
BGLR,M1.G,AGDD,CV1,7,0.291315878298622,0.440291245282491
BGLR,M1.G,AGDD,CV1,8,0.283672820639635,0.440099559086077
BGLR,M1.G,AGDD,CV1,9,0.291871178354816,0.440600294835796
BGLR,M1.G,AGDD,CV1,10,0.287583431661136,0.440393978175012
BGLR,M1.G,AGDD,CV2,1,0.385727606420412,0.478960251165233
BGLR,M1.G,AGDD,CV2,2,0.38570649015693,0.478947368014998
BGLR,M1.G,AGDD,CV2,3,0.385013628835627,0.478841726165734
BGLR,M1.G,AGDD,CV2,4,0.38520945605384,0.478883348529959
BGLR,M1.G,AGDD,CV2,5,0.384609241953713,0.478833784379019
BGLR,M1.G,AGDD,CV2,6,0.385330254025083,0.478850335009226
BGLR,M1.G,AGDD,CV2,7,0.385013457816097,0.478719757218053
BGLR,M1.G,AGDD,CV2,8,0.384129834344924,0.478619195460814
BGLR,M1.G,AGDD,CV2,9,0.385423713499669,0.478835624555587
BGLR,M1.G,AGDD,CV2,10,0.38465863767887,0.478694064555762
BGLR,M1.P,AGDD,CV1,1,0.322149573722814,0.208350189636421
BGLR,M1.P,AGDD,CV1,2,0.319942886611216,0.208708221367647
BGLR,M1.P,AGDD,CV1,3,0.325037854124455,0.211875999865604
BGLR,M1.P,AGDD,CV1,4,0.321591177027753,0.208561025063271
BGLR,M1.P,AGDD,CV1,5,0.321451809621806,0.208422301950815
BGLR,M1.P,AGDD,CV1,6,0.320034943962242,0.210014227138287
BGLR,M1.P,AGDD,CV1,7,0.322908536508623,0.20996265786107
BGLR,M1.P,AGDD,CV1,8,0.324516525303483,0.207241370030805
BGLR,M1.P,AGDD,CV1,9,0.321927002859674,0.208214640910616
BGLR,M1.P,AGDD,CV1,10,0.322144593135712,0.208232318630104
BGLR,M1.P,AGDD,CV2,1,0.319214773580971,0.213381974071362
BGLR,M1.P,AGDD,CV2,2,0.318986291253545,0.213330666041484
BGLR,M1.P,AGDD,CV2,3,0.319474956588161,0.213200821257345
BGLR,M1.P,AGDD,CV2,4,0.319012770263003,0.213291935030541
BGLR,M1.P,AGDD,CV2,5,0.318989799901219,0.213348523350102
BGLR,M1.P,AGDD,CV2,6,0.319042111033687,0.213320716118547
BGLR,M1.P,AGDD,CV2,7,0.31965443799322,0.213226174410264
BGLR,M1.P,AGDD,CV2,8,0.319426424560399,0.213206686444901
BGLR,M1.P,AGDD,CV2,9,0.319641014746446,0.213658362210774
BGLR,M1.P,AGDD,CV2,10,0.319829649888144,0.213540094129775
BGLR,M10.G.P.W-Int,AGDD,CV1,1,0.451411723485673,0.613088058173525
BGLR,M10.G.P.W-Int,AGDD,CV1,2,0.450486676318318,0.613880220773833
BGLR,M10.G.P.W-Int,AGDD,CV1,3,0.461999260492685,0.614490412811062
BGLR,M10.G.P.W-Int,AGDD,CV1,4,0.451796562736467,0.612736292775376
BGLR,M10.G.P.W-Int,AGDD,CV1,5,0.452436740764195,0.614227691898597
BGLR,M10.G.P.W-Int,AGDD,CV1,6,0.454591240753569,0.614426064559477
BGLR,M10.G.P.W-Int,AGDD,CV1,7,0.457851305678054,0.613701599848382
BGLR,M10.G.P.W-Int,AGDD,CV1,8,0.457811209222149,0.614824425318027
BGLR,M10.G.P.W-Int,AGDD,CV1,9,0.462795267753601,0.615556133079352
BGLR,M10.G.P.W-Int,AGDD,CV1,10,0.45609937149021,0.614529003828007
BGLR,M10.G.P.W-Int,AGDD,CV2,1,0.534919576258609,0.647202003219134
BGLR,M10.G.P.W-Int,AGDD,CV2,2,0.534596287530186,0.647020646775666
BGLR,M10.G.P.W-Int,AGDD,CV2,3,0.53476785942169,0.647092902097992
BGLR,M10.G.P.W-Int,AGDD,CV2,4,0.534728757487587,0.647211087537262
BGLR,M10.G.P.W-Int,AGDD,CV2,5,0.534051772681546,0.647212186078217
BGLR,M10.G.P.W-Int,AGDD,CV2,6,0.534596572866185,0.647064724427841
BGLR,M10.G.P.W-Int,AGDD,CV2,7,0.534583531885519,0.646996494073719
BGLR,M10.G.P.W-Int,AGDD,CV2,8,0.533693786063394,0.64683967437094
BGLR,M10.G.P.W-Int,AGDD,CV2,9,0.534765798398055,0.646984246915819
BGLR,M10.G.P.W-Int,AGDD,CV2,10,0.534194701408609,0.647054812813978
BGLR,M2.G,AGDD,CV1,1,0.275119523806534,0.437368730741531
BGLR,M2.G,AGDD,CV1,2,0.282998076107595,0.440322128182817
BGLR,M2.G,AGDD,CV1,3,0.288487092108656,0.441885919801262
BGLR,M2.G,AGDD,CV1,4,0.28194843508064,0.440073178237334
BGLR,M2.G,AGDD,CV1,5,0.285857394137304,0.441081235955753
BGLR,M2.G,AGDD,CV1,6,0.290449468201103,0.441682651432317
BGLR,M2.G,AGDD,CV1,7,0.295857574831546,0.441914202218855
BGLR,M2.G,AGDD,CV1,8,0.287215229181573,0.441214692850755
BGLR,M2.G,AGDD,CV1,9,0.295659360378086,0.442334930126099
BGLR,M2.G,AGDD,CV1,10,0.292772888274686,0.44244320672821
BGLR,M2.G,AGDD,CV2,1,0.404060039743213,0.487775751291516
BGLR,M2.G,AGDD,CV2,2,0.404353783325206,0.487942060734915
BGLR,M2.G,AGDD,CV2,3,0.403755501630464,0.487791873083186
BGLR,M2.G,AGDD,CV2,4,0.404086614510994,0.487876708594022
BGLR,M2.G,AGDD,CV2,5,0.40286812104884,0.487597756555031
BGLR,M2.G,AGDD,CV2,6,0.403824186448298,0.487684893963842
BGLR,M2.G,AGDD,CV2,7,0.403778928243046,0.487661613033242
BGLR,M2.G,AGDD,CV2,8,0.402708807933865,0.487539674974147
BGLR,M2.G,AGDD,CV2,9,0.403980082496397,0.487639371253704
BGLR,M2.G,AGDD,CV2,10,0.403121944449506,0.487506697839008
BGLR,M3.G-Int,AGDD,CV1,1,0.339060345226728,0.765884681194287
BGLR,M3.G-Int,AGDD,CV1,2,0.334585445968654,0.765864917859376
BGLR,M3.G-Int,AGDD,CV1,3,0.349017908289184,0.767470887906082
BGLR,M3.G-Int,AGDD,CV1,4,0.340918015215681,0.766423415946006
BGLR,M3.G-Int,AGDD,CV1,5,0.354622230014961,0.769551763981055
BGLR,M3.G-Int,AGDD,CV1,6,0.350517780703428,0.769155248427863
BGLR,M3.G-Int,AGDD,CV1,7,0.354011266972233,0.768082615279469
BGLR,M3.G-Int,AGDD,CV1,8,0.346395423890938,0.766552473233918
BGLR,M3.G-Int,AGDD,CV1,9,0.347831906453867,0.767395697756489
BGLR,M3.G-Int,AGDD,CV1,10,0.351039112662662,0.767081932796044
BGLR,M3.G-Int,AGDD,CV2,1,0.810896656272763,0.905349506813328
BGLR,M3.G-Int,AGDD,CV2,2,0.811489130143069,0.905641493222203
BGLR,M3.G-Int,AGDD,CV2,3,0.811856465574643,0.905622811671687
BGLR,M3.G-Int,AGDD,CV2,4,0.811989090804804,0.905722575922166
BGLR,M3.G-Int,AGDD,CV2,5,0.811112088192488,0.905318170933201
BGLR,M3.G-Int,AGDD,CV2,6,0.811374473647842,0.905498130013932
BGLR,M3.G-Int,AGDD,CV2,7,0.811624636520156,0.905472599957159
BGLR,M3.G-Int,AGDD,CV2,8,0.812523219090912,0.905880636347039
BGLR,M3.G-Int,AGDD,CV2,9,0.811884425529514,0.905584096446928
BGLR,M3.G-Int,AGDD,CV2,10,0.812012726969913,0.905680972797171
BGLR,M3.P-Int,AGDD,CV1,1,0.412686926645012,0.259776243257149
BGLR,M3.P-Int,AGDD,CV1,2,0.409073659967406,0.248536965811994
BGLR,M3.P-Int,AGDD,CV1,3,0.419151488622611,0.244425077879786
BGLR,M3.P-Int,AGDD,CV1,4,0.408391700295856,0.251370525226131
BGLR,M3.P-Int,AGDD,CV1,5,0.405891567873685,0.248206233961457
BGLR,M3.P-Int,AGDD,CV1,6,0.410735226315723,0.254888124427837
BGLR,M3.P-Int,AGDD,CV1,7,0.408777655086723,0.25302125938097
BGLR,M3.P-Int,AGDD,CV1,8,0.413818389420719,0.248146587317598
BGLR,M3.P-Int,AGDD,CV1,9,0.418971372202255,0.249564273218265
BGLR,M3.P-Int,AGDD,CV1,10,0.408995151416648,0.248289423008425
BGLR,M3.P-Int,AGDD,CV2,1,0.423590426529954,0.289496312650519
BGLR,M3.P-Int,AGDD,CV2,2,0.422164942765738,0.29121658198585
BGLR,M3.P-Int,AGDD,CV2,3,0.422755016889135,0.29208706630501
BGLR,M3.P-Int,AGDD,CV2,4,0.423478299133418,0.290530577827929
BGLR,M3.P-Int,AGDD,CV2,5,0.42307068293077,0.290865247549142
BGLR,M3.P-Int,AGDD,CV2,6,0.424867688205641,0.2901547236291
BGLR,M3.P-Int,AGDD,CV2,7,0.424135638173047,0.290373483918499
BGLR,M3.P-Int,AGDD,CV2,8,0.42383408298882,0.291096332081067
BGLR,M3.P-Int,AGDD,CV2,9,0.42270256794147,0.291069491365024
BGLR,M3.P-Int,AGDD,CV2,10,0.422842732472435,0.29102756152992
BGLR,M4.G.W,AGDD,CV1,1,0.272461999370244,0.562325290880797
BGLR,M4.G.W,AGDD,CV1,2,0.280723143749907,0.563476886802428
BGLR,M4.G.W,AGDD,CV1,3,0.288058406776731,0.564826675830995
BGLR,M4.G.W,AGDD,CV1,4,0.279112635014072,0.563053958868113
BGLR,M4.G.W,AGDD,CV1,5,0.287082065484217,0.56438293528363
BGLR,M4.G.W,AGDD,CV1,6,0.28943163560933,0.565093498875215
BGLR,M4.G.W,AGDD,CV1,7,0.294368121598705,0.565324439026503
BGLR,M4.G.W,AGDD,CV1,8,0.286607683237635,0.564808631149667
BGLR,M4.G.W,AGDD,CV1,9,0.292071956593957,0.565132997600001
BGLR,M4.G.W,AGDD,CV1,10,0.292586122585965,0.564668330241406
BGLR,M4.G.W,AGDD,CV2,1,0.426111342155514,0.600124151577441
BGLR,M4.G.W,AGDD,CV2,2,0.426726918275122,0.600338391118124
BGLR,M4.G.W,AGDD,CV2,3,0.426205191313602,0.600230273433859
BGLR,M4.G.W,AGDD,CV2,4,0.426150686052485,0.600178430516278
BGLR,M4.G.W,AGDD,CV2,5,0.425054811906593,0.600058785126881
BGLR,M4.G.W,AGDD,CV2,6,0.426041269965155,0.600118735505992
BGLR,M4.G.W,AGDD,CV2,7,0.425911242036003,0.600051235147971
BGLR,M4.G.W,AGDD,CV2,8,0.425037768284602,0.600083778661655
BGLR,M4.G.W,AGDD,CV2,9,0.426693487930057,0.600173456443789
BGLR,M4.G.W,AGDD,CV2,10,0.425392888049207,0.600067033381286
BGLR,M4.P.W,AGDD,CV1,1,0.322023865299642,0.545736581151004
BGLR,M4.P.W,AGDD,CV1,2,0.319674892539924,0.54485545142257
BGLR,M4.P.W,AGDD,CV1,3,0.325101658778146,0.546195284155622
BGLR,M4.P.W,AGDD,CV1,4,0.32119323773229,0.544989956746361
BGLR,M4.P.W,AGDD,CV1,5,0.32118197440648,0.544893781910451
BGLR,M4.P.W,AGDD,CV1,6,0.320011257817605,0.545729927197449
BGLR,M4.P.W,AGDD,CV1,7,0.322941109197564,0.544907528434695
BGLR,M4.P.W,AGDD,CV1,8,0.32465113095749,0.545478238701832
BGLR,M4.P.W,AGDD,CV1,9,0.322610945948591,0.545432481659839
BGLR,M4.P.W,AGDD,CV1,10,0.322181663439734,0.544983835912379
BGLR,M4.P.W,AGDD,CV2,1,0.319350987177373,0.546364426355729
BGLR,M4.P.W,AGDD,CV2,2,0.319021812717907,0.546332189391311
BGLR,M4.P.W,AGDD,CV2,3,0.319503082938283,0.546318814730304
BGLR,M4.P.W,AGDD,CV2,4,0.319199550372858,0.546350351670585
BGLR,M4.P.W,AGDD,CV2,5,0.319043916661444,0.546433878587116
BGLR,M4.P.W,AGDD,CV2,6,0.319185895963323,0.54632558347039
BGLR,M4.P.W,AGDD,CV2,7,0.319706383501564,0.546386496381819
BGLR,M4.P.W,AGDD,CV2,8,0.319464099641416,0.546346587096276
BGLR,M4.P.W,AGDD,CV2,9,0.31966522256435,0.546362144275104
BGLR,M4.P.W,AGDD,CV2,10,0.319797180718013,0.546399135422349
BGLR,M5.G.W-Int,AGDD,CV1,1,0.286978884549374,0.580148263388888
BGLR,M5.G.W-Int,AGDD,CV1,2,0.296333496733301,0.581616179341921
BGLR,M5.G.W-Int,AGDD,CV1,3,0.304488224949221,0.583005383598389
BGLR,M5.G.W-Int,AGDD,CV1,4,0.296344490887905,0.581660964637505
BGLR,M5.G.W-Int,AGDD,CV1,5,0.304117315641442,0.583140678210386
BGLR,M5.G.W-Int,AGDD,CV1,6,0.303224206306486,0.583348447184149
BGLR,M5.G.W-Int,AGDD,CV1,7,0.313831655283413,0.583813020991941
BGLR,M5.G.W-Int,AGDD,CV1,8,0.304487163890494,0.583514947219957
BGLR,M5.G.W-Int,AGDD,CV1,9,0.302493886816127,0.583541017643491
BGLR,M5.G.W-Int,AGDD,CV1,10,0.305722258029013,0.582648636711796
BGLR,M5.G.W-Int,AGDD,CV2,1,0.475999924964081,0.631454988310556
BGLR,M5.G.W-Int,AGDD,CV2,2,0.476494747688474,0.631574878151849
BGLR,M5.G.W-Int,AGDD,CV2,3,0.47586453281943,0.631469167784627
BGLR,M5.G.W-Int,AGDD,CV2,4,0.476252170732121,0.631576942724404
BGLR,M5.G.W-Int,AGDD,CV2,5,0.474375784717926,0.631206582053102
BGLR,M5.G.W-Int,AGDD,CV2,6,0.476075236572001,0.631425208688333
BGLR,M5.G.W-Int,AGDD,CV2,7,0.475622561358232,0.631241547589533
BGLR,M5.G.W-Int,AGDD,CV2,8,0.475269431636754,0.631544569024045
BGLR,M5.G.W-Int,AGDD,CV2,9,0.475518746477973,0.631172997126459
BGLR,M5.G.W-Int,AGDD,CV2,10,0.475258918182641,0.631316898572129
BGLR,M5.P.W-Int,AGDD,CV1,1,0.349217361314206,0.550130079362718
BGLR,M5.P.W-Int,AGDD,CV1,2,0.344694829134408,0.549183657056333
BGLR,M5.P.W-Int,AGDD,CV1,3,0.354809369870334,0.55065098893399
BGLR,M5.P.W-Int,AGDD,CV1,4,0.348619566963237,0.549488066883783
BGLR,M5.P.W-Int,AGDD,CV1,5,0.346244614808959,0.548875512142529
BGLR,M5.P.W-Int,AGDD,CV1,6,0.348961993438894,0.549895716637519
BGLR,M5.P.W-Int,AGDD,CV1,7,0.347854173406224,0.548910591331913
BGLR,M5.P.W-Int,AGDD,CV1,8,0.352796754817468,0.549899076134233
BGLR,M5.P.W-Int,AGDD,CV1,9,0.35350236361913,0.549958283891212
BGLR,M5.P.W-Int,AGDD,CV1,10,0.348689140922589,0.549502610328815
BGLR,M5.P.W-Int,AGDD,CV2,1,0.348883999988469,0.552067402879152
BGLR,M5.P.W-Int,AGDD,CV2,2,0.348732097897405,0.552038957206755
BGLR,M5.P.W-Int,AGDD,CV2,3,0.349186674121764,0.551997521214767
BGLR,M5.P.W-Int,AGDD,CV2,4,0.348305676421938,0.552019486153024
BGLR,M5.P.W-Int,AGDD,CV2,5,0.348549721922447,0.552212504087412
BGLR,M5.P.W-Int,AGDD,CV2,6,0.348604460283991,0.552052651838375
BGLR,M5.P.W-Int,AGDD,CV2,7,0.349261136039829,0.552170003437999
BGLR,M5.P.W-Int,AGDD,CV2,8,0.348986054438256,0.552010711099159
BGLR,M5.P.W-Int,AGDD,CV2,9,0.349199618776689,0.552085890612935
BGLR,M5.P.W-Int,AGDD,CV2,10,0.349156289714934,0.552094743625421
BGLR,M6.G.P,AGDD,CV1,1,0.427732379414274,0.488961672729522
BGLR,M6.G.P,AGDD,CV1,2,0.426515686242069,0.490548670112618
BGLR,M6.G.P,AGDD,CV1,3,0.4345201696888,0.491539505463922
BGLR,M6.G.P,AGDD,CV1,4,0.424848812830653,0.489338145646543
BGLR,M6.G.P,AGDD,CV1,5,0.426447796329596,0.490233962046646
BGLR,M6.G.P,AGDD,CV1,6,0.429480529731239,0.490707790151048
BGLR,M6.G.P,AGDD,CV1,7,0.43316779974852,0.489782773883635
BGLR,M6.G.P,AGDD,CV1,8,0.430171849104777,0.489482456967304
BGLR,M6.G.P,AGDD,CV1,9,0.432992948729683,0.489680383755169
BGLR,M6.G.P,AGDD,CV1,10,0.428966515387386,0.490962670438991
BGLR,M6.G.P,AGDD,CV2,1,0.471930698953607,0.513566341778384
BGLR,M6.G.P,AGDD,CV2,2,0.471719793893238,0.513639929842914
BGLR,M6.G.P,AGDD,CV2,3,0.471857470138503,0.513519717072503
BGLR,M6.G.P,AGDD,CV2,4,0.471571145741927,0.513545237022898
BGLR,M6.G.P,AGDD,CV2,5,0.47119250623873,0.51363453616294
BGLR,M6.G.P,AGDD,CV2,6,0.472142309018759,0.513687270898031
BGLR,M6.G.P,AGDD,CV2,7,0.471657132305353,0.513538793603136
BGLR,M6.G.P,AGDD,CV2,8,0.471472000962021,0.513458477632472
BGLR,M6.G.P,AGDD,CV2,9,0.47216532305581,0.513751618859075
BGLR,M6.G.P,AGDD,CV2,10,0.471497787994202,0.513564415237116
BGLR,M7.G.P,AGDD,CV1,1,0.42892277584522,0.48981563901116
BGLR,M7.G.P,AGDD,CV1,2,0.427175892016527,0.491108366287097
BGLR,M7.G.P,AGDD,CV1,3,0.436336828107717,0.492625503430493
BGLR,M7.G.P,AGDD,CV1,4,0.42696640428644,0.490299888773551
BGLR,M7.G.P,AGDD,CV1,5,0.428479722240169,0.491725482391119
BGLR,M7.G.P,AGDD,CV1,6,0.431739882923163,0.492106116555795
BGLR,M7.G.P,AGDD,CV1,7,0.435260314901465,0.490703629576002
BGLR,M7.G.P,AGDD,CV1,8,0.431591837255564,0.490539952893428
BGLR,M7.G.P,AGDD,CV1,9,0.435157152002431,0.491034322562993
BGLR,M7.G.P,AGDD,CV1,10,0.431417232130147,0.492176819951224
BGLR,M7.G.P,AGDD,CV2,1,0.482161988751522,0.519674271101856
BGLR,M7.G.P,AGDD,CV2,2,0.482173751953576,0.519834775482319
BGLR,M7.G.P,AGDD,CV2,3,0.482429859863496,0.519797259228905
BGLR,M7.G.P,AGDD,CV2,4,0.482006086108499,0.519711723225163
BGLR,M7.G.P,AGDD,CV2,5,0.481327309583879,0.519595653833813
BGLR,M7.G.P,AGDD,CV2,6,0.482405708605775,0.519761062838921
BGLR,M7.G.P,AGDD,CV2,7,0.482390524371588,0.519764352213181
BGLR,M7.G.P,AGDD,CV2,8,0.481634298969983,0.519586758876745
BGLR,M7.G.P,AGDD,CV2,9,0.482365999000914,0.51975638358848
BGLR,M7.G.P,AGDD,CV2,10,0.481830598841376,0.519646131979877
BGLR,M8.G.P-Int,AGDD,CV1,1,0.49761793457514,0.798193837912806
BGLR,M8.G.P-Int,AGDD,CV1,2,0.495489888801945,0.798256449210069
BGLR,M8.G.P-Int,AGDD,CV1,3,0.501778082751643,0.797731753566863
BGLR,M8.G.P-Int,AGDD,CV1,4,0.497462848858223,0.79714707120642
BGLR,M8.G.P-Int,AGDD,CV1,5,0.502902228738894,0.799257192799154
BGLR,M8.G.P-Int,AGDD,CV1,6,0.502080154807342,0.798896994572536
BGLR,M8.G.P-Int,AGDD,CV1,7,0.503943373782038,0.798727816730892
BGLR,M8.G.P-Int,AGDD,CV1,8,0.499620459951913,0.797755851770717
BGLR,M8.G.P-Int,AGDD,CV1,9,0.508290970348882,0.798871745299717
BGLR,M8.G.P-Int,AGDD,CV1,10,0.504469867643967,0.798325274784654
BGLR,M8.G.P-Int,AGDD,CV2,1,0.823383450954663,0.912466732559754
BGLR,M8.G.P-Int,AGDD,CV2,2,0.823525140185739,0.912609244091298
BGLR,M8.G.P-Int,AGDD,CV2,3,0.824241603301155,0.91280382483523
BGLR,M8.G.P-Int,AGDD,CV2,4,0.823867703758374,0.91271540414656
BGLR,M8.G.P-Int,AGDD,CV2,5,0.82385744507211,0.912691679679745
BGLR,M8.G.P-Int,AGDD,CV2,6,0.823915138923461,0.912733732481441
BGLR,M8.G.P-Int,AGDD,CV2,7,0.823744988422507,0.912621860272853
BGLR,M8.G.P-Int,AGDD,CV2,8,0.82430876962982,0.912833978895634
BGLR,M8.G.P-Int,AGDD,CV2,9,0.8238799103803,0.912633611332994
BGLR,M8.G.P-Int,AGDD,CV2,10,0.823697368557949,0.912641793093817
BGLR,M9.G.P.W,AGDD,CV1,1,0.424489283956315,0.59417656733825
BGLR,M9.G.P.W,AGDD,CV1,2,0.423287496645606,0.594496703147857
BGLR,M9.G.P.W,AGDD,CV1,3,0.430928286379652,0.595592286586691
BGLR,M9.G.P.W,AGDD,CV1,4,0.422732176080593,0.593580310058141
BGLR,M9.G.P.W,AGDD,CV1,5,0.426536089822531,0.595167323373087
BGLR,M9.G.P.W,AGDD,CV1,6,0.428636202326319,0.595739685803227
BGLR,M9.G.P.W,AGDD,CV1,7,0.431190419895247,0.594609413211109
BGLR,M9.G.P.W,AGDD,CV1,8,0.42793658195964,0.59480945624234
BGLR,M9.G.P.W,AGDD,CV1,9,0.431070357058882,0.595379839843019
BGLR,M9.G.P.W,AGDD,CV1,10,0.429235308193563,0.595348832338665
BGLR,M9.G.P.W,AGDD,CV2,1,0.488424951659806,0.617573230951936
BGLR,M9.G.P.W,AGDD,CV2,2,0.487876865177023,0.617456043951818
BGLR,M9.G.P.W,AGDD,CV2,3,0.488321364296634,0.617519368091403
BGLR,M9.G.P.W,AGDD,CV2,4,0.488146398147467,0.61761435764877
BGLR,M9.G.P.W,AGDD,CV2,5,0.487247728936678,0.617460190207851
BGLR,M9.G.P.W,AGDD,CV2,6,0.48816214902626,0.617458469448287
BGLR,M9.G.P.W,AGDD,CV2,7,0.488117258980152,0.617461278046757
BGLR,M9.G.P.W,AGDD,CV2,8,0.487409352360684,0.617414743376232
BGLR,M9.G.P.W,AGDD,CV2,9,0.488541529045125,0.61752921485468
BGLR,M9.G.P.W,AGDD,CV2,10,0.487585901136252,0.617413198783256
BGLR,M1.G,DAP,CV1,1,0.275256066030416,0.436867987882955
BGLR,M1.G,DAP,CV1,2,0.280920771599359,0.43910329723908
BGLR,M1.G,DAP,CV1,3,0.284665426649146,0.440547626393625
BGLR,M1.G,DAP,CV1,4,0.278797818560785,0.439144448035886
BGLR,M1.G,DAP,CV1,5,0.279874644207356,0.438350569016778
BGLR,M1.G,DAP,CV1,6,0.28645765149665,0.440314064101011
BGLR,M1.G,DAP,CV1,7,0.291315878298622,0.440291245282491
BGLR,M1.G,DAP,CV1,8,0.283672820639635,0.440099559086077
BGLR,M1.G,DAP,CV1,9,0.291871178354816,0.440600294835796
BGLR,M1.G,DAP,CV1,10,0.287583431661136,0.440393978175012
BGLR,M1.G,DAP,CV2,1,0.385727606420412,0.478960251165233
BGLR,M1.G,DAP,CV2,2,0.38570649015693,0.478947368014998
BGLR,M1.G,DAP,CV2,3,0.385013628835627,0.478841726165734
BGLR,M1.G,DAP,CV2,4,0.38520945605384,0.478883348529959
BGLR,M1.G,DAP,CV2,5,0.384609241953713,0.478833784379019
BGLR,M1.G,DAP,CV2,6,0.385330254025083,0.478850335009226
BGLR,M1.G,DAP,CV2,7,0.385013457816097,0.478719757218053
BGLR,M1.G,DAP,CV2,8,0.384129834344924,0.478619195460814
BGLR,M1.G,DAP,CV2,9,0.385423713499669,0.478835624555587
BGLR,M1.G,DAP,CV2,10,0.38465863767887,0.478694064555762
BGLR,M1.P,DAP,CV1,1,0.301957040836688,0.189672540244093
BGLR,M1.P,DAP,CV1,2,0.30403783797433,0.191171814946044
BGLR,M1.P,DAP,CV1,3,0.312512794367068,0.192684225246454
BGLR,M1.P,DAP,CV1,4,0.305770843281418,0.19107673658711
BGLR,M1.P,DAP,CV1,5,0.304528019390817,0.191512050928347
BGLR,M1.P,DAP,CV1,6,0.302921806120156,0.189232483075044
BGLR,M1.P,DAP,CV1,7,0.305169573612686,0.189307993778891
BGLR,M1.P,DAP,CV1,8,0.306568677579194,0.191073629174545
BGLR,M1.P,DAP,CV1,9,0.308847687285243,0.190551926194213
BGLR,M1.P,DAP,CV1,10,0.306545183299974,0.190973772459744
BGLR,M1.P,DAP,CV2,1,0.30341244948668,0.196364131319186
BGLR,M1.P,DAP,CV2,2,0.302889826402557,0.196205070283165
BGLR,M1.P,DAP,CV2,3,0.303083145412269,0.196103123578005
BGLR,M1.P,DAP,CV2,4,0.302815491449726,0.196368814134248
BGLR,M1.P,DAP,CV2,5,0.303034000064287,0.196148205654362
BGLR,M1.P,DAP,CV2,6,0.303496938376461,0.196416385005366
BGLR,M1.P,DAP,CV2,7,0.30336480566111,0.196311758057395
BGLR,M1.P,DAP,CV2,8,0.303025675820299,0.196174573661516
BGLR,M1.P,DAP,CV2,9,0.303219164608248,0.19660397934975
BGLR,M1.P,DAP,CV2,10,0.303558509661301,0.196385328508133
BGLR,M10.G.P.W-Int,DAP,CV1,1,0.433883697566914,0.583118374734065
BGLR,M10.G.P.W-Int,DAP,CV1,2,0.436316164849521,0.584130343145821
BGLR,M10.G.P.W-Int,DAP,CV1,3,0.4447760963297,0.584967573499234
BGLR,M10.G.P.W-Int,DAP,CV1,4,0.437041713911391,0.584086376070183
BGLR,M10.G.P.W-Int,DAP,CV1,5,0.437399388312999,0.585023174871547
BGLR,M10.G.P.W-Int,DAP,CV1,6,0.43827868088949,0.584660204674541
BGLR,M10.G.P.W-Int,DAP,CV1,7,0.445092933616027,0.584803074687044
BGLR,M10.G.P.W-Int,DAP,CV1,8,0.439988934231256,0.585002241707665
BGLR,M10.G.P.W-Int,DAP,CV1,9,0.445973878384707,0.585448790517954
BGLR,M10.G.P.W-Int,DAP,CV1,10,0.439446182525727,0.583905074227148
BGLR,M10.G.P.W-Int,DAP,CV2,1,0.523484384154713,0.619776958280407
BGLR,M10.G.P.W-Int,DAP,CV2,2,0.523254330088312,0.619690706952148
BGLR,M10.G.P.W-Int,DAP,CV2,3,0.523718380251287,0.619850296455627
BGLR,M10.G.P.W-Int,DAP,CV2,4,0.523291881944022,0.619760473527587
BGLR,M10.G.P.W-Int,DAP,CV2,5,0.522658297662426,0.619583597652064
BGLR,M10.G.P.W-Int,DAP,CV2,6,0.523481596556791,0.619708752048608
BGLR,M10.G.P.W-Int,DAP,CV2,7,0.523234984775389,0.619487556757673
BGLR,M10.G.P.W-Int,DAP,CV2,8,0.522352112838057,0.61946178309689
BGLR,M10.G.P.W-Int,DAP,CV2,9,0.523879020402112,0.619823968262985
BGLR,M10.G.P.W-Int,DAP,CV2,10,0.523555200766375,0.619849595383744
BGLR,M2.G,DAP,CV1,1,0.275119523806534,0.437368730741531
BGLR,M2.G,DAP,CV1,2,0.282998076107595,0.440322128182817
BGLR,M2.G,DAP,CV1,3,0.288487092108656,0.441885919801262
BGLR,M2.G,DAP,CV1,4,0.28194843508064,0.440073178237334
BGLR,M2.G,DAP,CV1,5,0.285857394137304,0.441081235955753
BGLR,M2.G,DAP,CV1,6,0.290449468201103,0.441682651432317
BGLR,M2.G,DAP,CV1,7,0.295857574831546,0.441914202218855
BGLR,M2.G,DAP,CV1,8,0.287215229181573,0.441214692850755
BGLR,M2.G,DAP,CV1,9,0.295659360378086,0.442334930126099
BGLR,M2.G,DAP,CV1,10,0.292772888274686,0.44244320672821
BGLR,M2.G,DAP,CV2,1,0.404060039743213,0.487775751291516
BGLR,M2.G,DAP,CV2,2,0.404353783325206,0.487942060734915
BGLR,M2.G,DAP,CV2,3,0.403755501630464,0.487791873083186
BGLR,M2.G,DAP,CV2,4,0.404086614510994,0.487876708594022
BGLR,M2.G,DAP,CV2,5,0.40286812104884,0.487597756555031
BGLR,M2.G,DAP,CV2,6,0.403824186448298,0.487684893963842
BGLR,M2.G,DAP,CV2,7,0.403778928243046,0.487661613033242
BGLR,M2.G,DAP,CV2,8,0.402708807933865,0.487539674974147
BGLR,M2.G,DAP,CV2,9,0.403980082496397,0.487639371253704
BGLR,M2.G,DAP,CV2,10,0.403121944449506,0.487506697839008
BGLR,M3.G-Int,DAP,CV1,1,0.339060345226728,0.765884681194287
BGLR,M3.G-Int,DAP,CV1,2,0.334585445968654,0.765864917859376
BGLR,M3.G-Int,DAP,CV1,3,0.349017908289184,0.767470887906082
BGLR,M3.G-Int,DAP,CV1,4,0.340918015215681,0.766423415946006
BGLR,M3.G-Int,DAP,CV1,5,0.354622230014961,0.769551763981055
BGLR,M3.G-Int,DAP,CV1,6,0.350517780703428,0.769155248427863
BGLR,M3.G-Int,DAP,CV1,7,0.354011266972233,0.768082615279469
BGLR,M3.G-Int,DAP,CV1,8,0.346395423890938,0.766552473233918
BGLR,M3.G-Int,DAP,CV1,9,0.347831906453867,0.767395697756489
BGLR,M3.G-Int,DAP,CV1,10,0.351039112662662,0.767081932796044
BGLR,M3.G-Int,DAP,CV2,1,0.810896656272763,0.905349506813328
BGLR,M3.G-Int,DAP,CV2,2,0.811489130143069,0.905641493222203
BGLR,M3.G-Int,DAP,CV2,3,0.811856465574643,0.905622811671687
BGLR,M3.G-Int,DAP,CV2,4,0.811989090804804,0.905722575922166
BGLR,M3.G-Int,DAP,CV2,5,0.811112088192488,0.905318170933201
BGLR,M3.G-Int,DAP,CV2,6,0.811374473647842,0.905498130013932
BGLR,M3.G-Int,DAP,CV2,7,0.811624636520156,0.905472599957159
BGLR,M3.G-Int,DAP,CV2,8,0.812523219090912,0.905880636347039
BGLR,M3.G-Int,DAP,CV2,9,0.811884425529514,0.905584096446928
BGLR,M3.G-Int,DAP,CV2,10,0.812012726969913,0.905680972797171
BGLR,M3.P-Int,DAP,CV1,1,0.397327634799845,0.250834619038607
BGLR,M3.P-Int,DAP,CV1,2,0.399225457547864,0.243198482145646
BGLR,M3.P-Int,DAP,CV1,3,0.404273718630916,0.243363370434047
BGLR,M3.P-Int,DAP,CV1,4,0.396486503037734,0.246834715516736
BGLR,M3.P-Int,DAP,CV1,5,0.393928778000816,0.246793498529375
BGLR,M3.P-Int,DAP,CV1,6,0.398533446055085,0.250061860986403
BGLR,M3.P-Int,DAP,CV1,7,0.396086082613031,0.24409247720531
BGLR,M3.P-Int,DAP,CV1,8,0.401919894294103,0.242307266626525
BGLR,M3.P-Int,DAP,CV1,9,0.406825171854096,0.245745691571189
BGLR,M3.P-Int,DAP,CV1,10,0.399248542312348,0.246956122386904
BGLR,M3.P-Int,DAP,CV2,1,0.412311795331703,0.286266703407228
BGLR,M3.P-Int,DAP,CV2,2,0.412046007794873,0.287683629905935
BGLR,M3.P-Int,DAP,CV2,3,0.412128198163727,0.287560232415722
BGLR,M3.P-Int,DAP,CV2,4,0.412315581850771,0.286787954020599
BGLR,M3.P-Int,DAP,CV2,5,0.412981114295903,0.286650608426131
BGLR,M3.P-Int,DAP,CV2,6,0.413585912333145,0.286330815186788
BGLR,M3.P-Int,DAP,CV2,7,0.412494925998306,0.286836360229728
BGLR,M3.P-Int,DAP,CV2,8,0.412227698115518,0.287418128589799
BGLR,M3.P-Int,DAP,CV2,9,0.412281520235281,0.287212009274085
BGLR,M3.P-Int,DAP,CV2,10,0.412384183319883,0.286786884470596
BGLR,M4.G.W,DAP,CV1,1,0.279532322476426,0.544025837914374
BGLR,M4.G.W,DAP,CV1,2,0.289694766255416,0.545714825581745
BGLR,M4.G.W,DAP,CV1,3,0.295916931019953,0.547014709072163
BGLR,M4.G.W,DAP,CV1,4,0.288084523361144,0.545744391903976
BGLR,M4.G.W,DAP,CV1,5,0.293109901150116,0.546203447233786
BGLR,M4.G.W,DAP,CV1,6,0.298105830816223,0.54752363686862
BGLR,M4.G.W,DAP,CV1,7,0.301846893087052,0.547318651621661
BGLR,M4.G.W,DAP,CV1,8,0.294264670584092,0.547157094287346
BGLR,M4.G.W,DAP,CV1,9,0.299583626522553,0.547475805969489
BGLR,M4.G.W,DAP,CV1,10,0.299464501441694,0.546876062860899
BGLR,M4.G.W,DAP,CV2,1,0.425248237282112,0.582504432679203
BGLR,M4.G.W,DAP,CV2,2,0.425339642673645,0.582579985950217
BGLR,M4.G.W,DAP,CV2,3,0.424803168518474,0.58243039312017
BGLR,M4.G.W,DAP,CV2,4,0.424945150931817,0.582444554836741
BGLR,M4.G.W,DAP,CV2,5,0.423567197195255,0.582245381907655
BGLR,M4.G.W,DAP,CV2,6,0.424684290050498,0.582327144779358
BGLR,M4.G.W,DAP,CV2,7,0.424870383914217,0.582365413028241
BGLR,M4.G.W,DAP,CV2,8,0.423945964356957,0.582352700061007
BGLR,M4.G.W,DAP,CV2,9,0.424805241718393,0.582308333278047
BGLR,M4.G.W,DAP,CV2,10,0.424238680505403,0.582306631983582
BGLR,M4.P.W,DAP,CV1,1,0.302107850040304,0.498306785782341
BGLR,M4.P.W,DAP,CV1,2,0.303941533489786,0.498150699425929
BGLR,M4.P.W,DAP,CV1,3,0.312418280424616,0.499532140918734
BGLR,M4.P.W,DAP,CV1,4,0.305792674295309,0.498164052018175
BGLR,M4.P.W,DAP,CV1,5,0.304452504280759,0.497888628386435
BGLR,M4.P.W,DAP,CV1,6,0.303034453611264,0.497992630810599
BGLR,M4.P.W,DAP,CV1,7,0.305222514456413,0.49758777508784
BGLR,M4.P.W,DAP,CV1,8,0.306380984792432,0.499326718461433
BGLR,M4.P.W,DAP,CV1,9,0.30911921755149,0.498498860826097
BGLR,M4.P.W,DAP,CV1,10,0.30635560271769,0.497327291476545
BGLR,M4.P.W,DAP,CV2,1,0.303428602932058,0.499877900597779
BGLR,M4.P.W,DAP,CV2,2,0.303022244341429,0.49975576984232
BGLR,M4.P.W,DAP,CV2,3,0.30324462489403,0.499643138509072
BGLR,M4.P.W,DAP,CV2,4,0.302916324059781,0.499721254925189
BGLR,M4.P.W,DAP,CV2,5,0.303079541957038,0.499841369409672
BGLR,M4.P.W,DAP,CV2,6,0.303548316097549,0.499804962853581
BGLR,M4.P.W,DAP,CV2,7,0.303415506549479,0.499790633451643
BGLR,M4.P.W,DAP,CV2,8,0.303091415736901,0.499753068072018
BGLR,M4.P.W,DAP,CV2,9,0.303261883505228,0.499858307098847
BGLR,M4.P.W,DAP,CV2,10,0.303648304420101,0.49986701191118
BGLR,M5.G.W-Int,DAP,CV1,1,0.289556938778691,0.5543540188312
BGLR,M5.G.W-Int,DAP,CV1,2,0.298897422366579,0.555841230502788
BGLR,M5.G.W-Int,DAP,CV1,3,0.303091891946628,0.557120746711912
BGLR,M5.G.W-Int,DAP,CV1,4,0.296446737916624,0.556271949513623
BGLR,M5.G.W-Int,DAP,CV1,5,0.306450739983073,0.557349845744241
BGLR,M5.G.W-Int,DAP,CV1,6,0.305211956404203,0.557394652407582
BGLR,M5.G.W-Int,DAP,CV1,7,0.315720319598466,0.55788893285944
BGLR,M5.G.W-Int,DAP,CV1,8,0.304436011603109,0.557704381638009
BGLR,M5.G.W-Int,DAP,CV1,9,0.308921095632963,0.557937047581971
BGLR,M5.G.W-Int,DAP,CV1,10,0.306764535592667,0.556461263644561
BGLR,M5.G.W-Int,DAP,CV2,1,0.469194130423771,0.605553308910862
BGLR,M5.G.W-Int,DAP,CV2,2,0.468673037914883,0.605251198241633
BGLR,M5.G.W-Int,DAP,CV2,3,0.46831492703167,0.605275143615291
BGLR,M5.G.W-Int,DAP,CV2,4,0.468053345749845,0.605155291813006
BGLR,M5.G.W-Int,DAP,CV2,5,0.467326637766618,0.605150232188494
BGLR,M5.G.W-Int,DAP,CV2,6,0.468687635531976,0.605370047733456
BGLR,M5.G.W-Int,DAP,CV2,7,0.468282859878871,0.605119157536275
BGLR,M5.G.W-Int,DAP,CV2,8,0.467537549213625,0.605252909635147
BGLR,M5.G.W-Int,DAP,CV2,9,0.46826503283724,0.60506766000077
BGLR,M5.G.W-Int,DAP,CV2,10,0.46779410150667,0.605245449576635
BGLR,M5.P.W-Int,DAP,CV1,1,0.312475411414582,0.500256733966885
BGLR,M5.P.W-Int,DAP,CV1,2,0.312883878594542,0.499765598953419
BGLR,M5.P.W-Int,DAP,CV1,3,0.322359196080801,0.50065438634587
BGLR,M5.P.W-Int,DAP,CV1,4,0.314703086050948,0.499103142405992
BGLR,M5.P.W-Int,DAP,CV1,5,0.312401600793668,0.499420330720776
BGLR,M5.P.W-Int,DAP,CV1,6,0.312144834143566,0.499605954108914
BGLR,M5.P.W-Int,DAP,CV1,7,0.314411169729585,0.49892987341723
BGLR,M5.P.W-Int,DAP,CV1,8,0.316525682269193,0.500959549318273
BGLR,M5.P.W-Int,DAP,CV1,9,0.318813078476601,0.500344814883162
BGLR,M5.P.W-Int,DAP,CV1,10,0.314579735051666,0.498515134614095
BGLR,M5.P.W-Int,DAP,CV2,1,0.314029287606861,0.502566247566999
BGLR,M5.P.W-Int,DAP,CV2,2,0.313178137989402,0.502296091801317
BGLR,M5.P.W-Int,DAP,CV2,3,0.31414622277972,0.5024324480423
BGLR,M5.P.W-Int,DAP,CV2,4,0.314163047432774,0.50260299039685
BGLR,M5.P.W-Int,DAP,CV2,5,0.313938974851907,0.502598384412756
BGLR,M5.P.W-Int,DAP,CV2,6,0.31394051736571,0.502467823811845
BGLR,M5.P.W-Int,DAP,CV2,7,0.314517942989015,0.502590199867646
BGLR,M5.P.W-Int,DAP,CV2,8,0.313810098590263,0.502454287886637
BGLR,M5.P.W-Int,DAP,CV2,9,0.314088127771503,0.502519633148622
BGLR,M5.P.W-Int,DAP,CV2,10,0.314685609403775,0.502678257481257
BGLR,M6.G.P,DAP,CV1,1,0.419841618661926,0.484268603488753
BGLR,M6.G.P,DAP,CV1,2,0.420623897191526,0.485818183221949
BGLR,M6.G.P,DAP,CV1,3,0.428462738063877,0.487318817301311
BGLR,M6.G.P,DAP,CV1,4,0.420049675694325,0.485473940592389
BGLR,M6.G.P,DAP,CV1,5,0.419730953520188,0.48571177338386
BGLR,M6.G.P,DAP,CV1,6,0.422622142407557,0.485507949090328
BGLR,M6.G.P,DAP,CV1,7,0.427121347370432,0.485721730588923
BGLR,M6.G.P,DAP,CV1,8,0.423979208142641,0.485536734288367
BGLR,M6.G.P,DAP,CV1,9,0.430186133502908,0.486207475603347
BGLR,M6.G.P,DAP,CV1,10,0.422362610523424,0.486484289382453
BGLR,M6.G.P,DAP,CV2,1,0.469367854043147,0.510661606594033
BGLR,M6.G.P,DAP,CV2,2,0.468687880719249,0.510584204220347
BGLR,M6.G.P,DAP,CV2,3,0.468981008589654,0.510633406183668
BGLR,M6.G.P,DAP,CV2,4,0.468725431897176,0.510640745130523
BGLR,M6.G.P,DAP,CV2,5,0.468687347678697,0.510698776952039
BGLR,M6.G.P,DAP,CV2,6,0.469365610101373,0.510782117384508
BGLR,M6.G.P,DAP,CV2,7,0.468954692080977,0.510551124354248
BGLR,M6.G.P,DAP,CV2,8,0.468480824821151,0.510478537063613
BGLR,M6.G.P,DAP,CV2,9,0.469151562924414,0.510664472247393
BGLR,M6.G.P,DAP,CV2,10,0.468795661335025,0.510568964126265
BGLR,M7.G.P,DAP,CV1,1,0.422117844025719,0.485380480155482
BGLR,M7.G.P,DAP,CV1,2,0.423429612855677,0.487169849482957
BGLR,M7.G.P,DAP,CV1,3,0.4306096617265,0.488541853919167
BGLR,M7.G.P,DAP,CV1,4,0.422863181712146,0.486747585961412
BGLR,M7.G.P,DAP,CV1,5,0.423139613098111,0.487652522401435
BGLR,M7.G.P,DAP,CV1,6,0.426110341781803,0.487457248961425
BGLR,M7.G.P,DAP,CV1,7,0.430983316945454,0.486973895256323
BGLR,M7.G.P,DAP,CV1,8,0.426547515228156,0.486774508430432
BGLR,M7.G.P,DAP,CV1,9,0.432726582166226,0.487459559725993
BGLR,M7.G.P,DAP,CV1,10,0.426054032560568,0.487990552700852
BGLR,M7.G.P,DAP,CV2,1,0.481075431154665,0.517065816104632
BGLR,M7.G.P,DAP,CV2,2,0.480312406188774,0.51695713035121
BGLR,M7.G.P,DAP,CV2,3,0.480733549359765,0.517041950479934
BGLR,M7.G.P,DAP,CV2,4,0.480421871386163,0.517016514856322
BGLR,M7.G.P,DAP,CV2,5,0.48002711991253,0.516921815689629
BGLR,M7.G.P,DAP,CV2,6,0.480899994311348,0.517121804634659
BGLR,M7.G.P,DAP,CV2,7,0.480861307051349,0.516961348834215
BGLR,M7.G.P,DAP,CV2,8,0.48015431449893,0.516915723952625
BGLR,M7.G.P,DAP,CV2,9,0.48057976456007,0.516887198206223
BGLR,M7.G.P,DAP,CV2,10,0.480320704871547,0.516790299952397
BGLR,M8.G.P-Int,DAP,CV1,1,0.484044053017663,0.793905075024486
BGLR,M8.G.P-Int,DAP,CV1,2,0.485780503566353,0.794539304413349
BGLR,M8.G.P-Int,DAP,CV1,3,0.488925231507455,0.794101967355689
BGLR,M8.G.P-Int,DAP,CV1,4,0.486206289056711,0.79373469933092
BGLR,M8.G.P-Int,DAP,CV1,5,0.491096535029654,0.795202509599996
BGLR,M8.G.P-Int,DAP,CV1,6,0.488089077245904,0.795395170821634
BGLR,M8.G.P-Int,DAP,CV1,7,0.491805758753916,0.794716031077877
BGLR,M8.G.P-Int,DAP,CV1,8,0.486868270210178,0.793767235724634
BGLR,M8.G.P-Int,DAP,CV1,9,0.493940683101235,0.794449742855089
BGLR,M8.G.P-Int,DAP,CV1,10,0.49384771751056,0.794745316209202
BGLR,M8.G.P-Int,DAP,CV2,1,0.820281774927015,0.910698797891332
BGLR,M8.G.P-Int,DAP,CV2,2,0.819842772327076,0.910600091161954
BGLR,M8.G.P-Int,DAP,CV2,3,0.820809567441971,0.910861205773899
BGLR,M8.G.P-Int,DAP,CV2,4,0.821067031751892,0.910990527554444
BGLR,M8.G.P-Int,DAP,CV2,5,0.820397117427624,0.910756161718744
BGLR,M8.G.P-Int,DAP,CV2,6,0.820704576152096,0.910828788425334
BGLR,M8.G.P-Int,DAP,CV2,7,0.820644321581353,0.910797003344882
BGLR,M8.G.P-Int,DAP,CV2,8,0.821775725844952,0.911289535075351
BGLR,M8.G.P-Int,DAP,CV2,9,0.820412786705131,0.910711524864953
BGLR,M8.G.P-Int,DAP,CV2,10,0.820487367189232,0.910744320153553
BGLR,M9.G.P.W,DAP,CV1,1,0.42974673316304,0.576293679916408
BGLR,M9.G.P.W,DAP,CV1,2,0.430988120057043,0.57705770850472
BGLR,M9.G.P.W,DAP,CV1,3,0.438699749115413,0.578136640069793
BGLR,M9.G.P.W,DAP,CV1,4,0.430482927037176,0.576820873670669
BGLR,M9.G.P.W,DAP,CV1,5,0.431615932364282,0.577256308997318
BGLR,M9.G.P.W,DAP,CV1,6,0.433995332593683,0.577538261141028
BGLR,M9.G.P.W,DAP,CV1,7,0.438493044720101,0.577478670857264
BGLR,M9.G.P.W,DAP,CV1,8,0.433709044265597,0.577491907830044
BGLR,M9.G.P.W,DAP,CV1,9,0.439339719391111,0.577936762846253
BGLR,M9.G.P.W,DAP,CV1,10,0.434601781118255,0.577472723216279
BGLR,M9.G.P.W,DAP,CV2,1,0.493899794428336,0.600674505848342
BGLR,M9.G.P.W,DAP,CV2,2,0.493110595378632,0.600544058949377
BGLR,M9.G.P.W,DAP,CV2,3,0.493512170461875,0.600588957629462
BGLR,M9.G.P.W,DAP,CV2,4,0.493379992237281,0.60065660189124
BGLR,M9.G.P.W,DAP,CV2,5,0.492979076913903,0.600582303533866
BGLR,M9.G.P.W,DAP,CV2,6,0.493771630913829,0.600647624207912
BGLR,M9.G.P.W,DAP,CV2,7,0.493420359488766,0.60045413770115
BGLR,M9.G.P.W,DAP,CV2,8,0.492673136807778,0.600445221366491
BGLR,M9.G.P.W,DAP,CV2,9,0.493345226336317,0.600505226282124
BGLR,M9.G.P.W,DAP,CV2,10,0.493247790276132,0.60052369260569
TNP,VI+genomic,DAP,CV1,1,0.519367963315116,0.803875201845582
TNP,VI+genomic,DAP,CV1,2,0.500837204599387,0.797687307751686
TNP,VI+genomic,DAP,CV1,3,0.510810754616059,0.802541360928131
TNP,VI+genomic,DAP,CV1,4,0.503289933752586,0.801861459272367
TNP,VI+genomic,DAP,CV1,5,0.508625283741684,0.803216833590686
TNP,VI+genomic,DAP,CV2,1,0.621809377805577,0.835558630373725
TNP,VI+genomic,DAP,CV2,2,0.615427880096967,0.831519008547113
TNP,VI+genomic,DAP,CV2,3,0.602028324081901,0.82852100345782
TNP,VI+genomic,DAP,CV2,4,0.608441666473963,0.831786097614613
TNP,VI+genomic,DAP,CV2,5,0.617831032408608,0.836371058732466
TNP,VI+genomic+weather,DAP,CV1,1,0.509551582417962,0.80148062411641
TNP,VI+genomic+weather,DAP,CV1,2,0.513302734926629,0.801450456396788
TNP,VI+genomic+weather,DAP,CV1,3,0.516721996879482,0.804378534961384
TNP,VI+genomic+weather,DAP,CV1,4,0.513255760869635,0.801786464386446
TNP,VI+genomic+weather,DAP,CV1,5,0.506897321522313,0.802819284491742
TNP,VI+genomic+weather,DAP,CV2,1,0.590242693974054,0.8226611017401
TNP,VI+genomic+weather,DAP,CV2,2,0.593209790406695,0.825093573226456
TNP,VI+genomic+weather,DAP,CV2,3,0.608815682611138,0.829335226962893
TNP,VI+genomic+weather,DAP,CV2,4,0.624414957761472,0.835771133646439
TNP,VI+genomic+weather,DAP,CV2,5,0.570996453956841,0.819693402266686
TNP,VI-only,DAP,CV1,1,0.498459663840922,0.799783750160871
TNP,VI-only,DAP,CV1,2,0.496708596178696,0.798385959287861
TNP,VI-only,DAP,CV1,3,0.503930784605281,0.802634242796615
TNP,VI-only,DAP,CV1,4,0.481391453547234,0.798753664073077
TNP,VI-only,DAP,CV1,5,0.473928511808427,0.793388555782259
TNP,VI-only,DAP,CV2,1,0.55287837164233,0.815732629127374
TNP,VI-only,DAP,CV2,2,0.56565932752221,0.818378832658991
TNP,VI-only,DAP,CV2,3,0.560891767253031,0.817992674183744
TNP,VI-only,DAP,CV2,4,0.545697298304857,0.815178002916376
TNP,VI-only,DAP,CV2,5,0.517952143799636,0.806187319835601
