Method,Model,Time_Domain,CV,Seed,Correlation,RMSE
BGLR,M1.G,AGDD,CV0,1,0.338099790435538,2.71478245190275
BGLR,M1.G,AGDD,CV0,2,0.33813380024585,2.71492633280584
BGLR,M1.G,AGDD,CV0,3,0.337463793617087,2.71497210644457
BGLR,M1.G,AGDD,CV0,4,0.337553017976287,2.71495115717277
BGLR,M1.G,AGDD,CV0,5,0.337288956258762,2.71494205652002
BGLR,M1.G,AGDD,CV0,6,0.337970267517723,2.71497334170152
BGLR,M1.G,AGDD,CV0,7,0.337419474607556,2.7150527640648
BGLR,M1.G,AGDD,CV0,8,0.336712106619773,2.71502148023885
BGLR,M1.G,AGDD,CV0,9,0.337913259252018,2.71508312334825
BGLR,M1.G,AGDD,CV0,10,0.337280410527127,2.71530973088138
BGLR,M1.G,AGDD,CV00,1,0.260543539866521,2.74770567830337
BGLR,M1.G,AGDD,CV00,2,0.268286045936611,2.74670940590311
BGLR,M1.G,AGDD,CV00,3,0.270210362847876,2.74541060604399
BGLR,M1.G,AGDD,CV00,4,0.265343309692497,2.74654190596437
BGLR,M1.G,AGDD,CV00,5,0.266659896627574,2.74949348107481
BGLR,M1.G,AGDD,CV00,6,0.273421874124189,2.74624723651723
BGLR,M1.G,AGDD,CV00,7,0.278145326564263,2.74494199395778
BGLR,M1.G,AGDD,CV00,8,0.270121484040637,2.74760787836655
BGLR,M1.G,AGDD,CV00,9,0.277620709128929,2.74630486726253
BGLR,M1.G,AGDD,CV00,10,0.274681900829384,2.74748606511619
BGLR,M1.G,AGDD,CV1,1,0.275256066030416,2.61083352000913
BGLR,M1.G,AGDD,CV1,2,0.280920771599359,2.60986127638245
BGLR,M1.G,AGDD,CV1,3,0.284665426649146,2.60870031277415
BGLR,M1.G,AGDD,CV1,4,0.278797818560785,2.61023931296814
BGLR,M1.G,AGDD,CV1,5,0.279874644207356,2.61241467774886
BGLR,M1.G,AGDD,CV1,6,0.28645765149665,2.6088030674355
BGLR,M1.G,AGDD,CV1,7,0.291315878298622,2.60781185226081
BGLR,M1.G,AGDD,CV1,8,0.283672820639635,2.61079930184268
BGLR,M1.G,AGDD,CV1,9,0.291871178354816,2.6088565161919
BGLR,M1.G,AGDD,CV1,10,0.287583431661136,2.61102854444111
BGLR,M1.G,AGDD,CV2,1,0.385727606420412,2.55725880131603
BGLR,M1.G,AGDD,CV2,2,0.38570649015693,2.55738628319374
BGLR,M1.G,AGDD,CV2,3,0.385013628835627,2.55757600670118
BGLR,M1.G,AGDD,CV2,4,0.38520945605384,2.55735210997241
BGLR,M1.G,AGDD,CV2,5,0.384609241953713,2.55755864455787
BGLR,M1.G,AGDD,CV2,6,0.385330254025083,2.55754851527253
BGLR,M1.G,AGDD,CV2,7,0.385013457816097,2.55760333666126
BGLR,M1.G,AGDD,CV2,8,0.384129834344924,2.5574895049625
BGLR,M1.G,AGDD,CV2,9,0.385423713499669,2.55747830497232
BGLR,M1.G,AGDD,CV2,10,0.38465863767887,2.55781761472968
BGLR,M1.P,AGDD,CV0,1,0.284175165211288,2.9311485864636
BGLR,M1.P,AGDD,CV0,2,0.284215918077611,2.93118381280905
BGLR,M1.P,AGDD,CV0,3,0.284718983066413,2.93132619583726
BGLR,M1.P,AGDD,CV0,4,0.284100290549159,2.93113919342941
BGLR,M1.P,AGDD,CV0,5,0.284604473278007,2.93116811631733
BGLR,M1.P,AGDD,CV0,6,0.284431992578505,2.93116092303066
BGLR,M1.P,AGDD,CV0,7,0.284756035493671,2.93123961794218
BGLR,M1.P,AGDD,CV0,8,0.284095702029707,2.93139172944158
BGLR,M1.P,AGDD,CV0,9,0.284628135886442,2.93100517515174
BGLR,M1.P,AGDD,CV0,10,0.284769612155491,2.93121366973317
BGLR,M1.P,AGDD,CV00,1,0.288484109105003,2.9314566450829
BGLR,M1.P,AGDD,CV00,2,0.285979366011672,2.93193333563213
BGLR,M1.P,AGDD,CV00,3,0.291704592821512,2.93055044050425
BGLR,M1.P,AGDD,CV00,4,0.287598543602371,2.93112050921113
BGLR,M1.P,AGDD,CV00,5,0.288482353675136,2.9320161608058
BGLR,M1.P,AGDD,CV00,6,0.285372904723538,2.93141369178754
BGLR,M1.P,AGDD,CV00,7,0.289386018352854,2.93080373518503
BGLR,M1.P,AGDD,CV00,8,0.290346437753749,2.93287730980709
BGLR,M1.P,AGDD,CV00,9,0.288026108990344,2.93191876013268
BGLR,M1.P,AGDD,CV00,10,0.289017243236912,2.93317327772017
BGLR,M1.P,AGDD,CV1,1,0.322149573722814,2.83472340356315
BGLR,M1.P,AGDD,CV1,2,0.319942886611216,2.83565595457083
BGLR,M1.P,AGDD,CV1,3,0.325037854124455,2.83424673671732
BGLR,M1.P,AGDD,CV1,4,0.321591177027753,2.83471319290427
BGLR,M1.P,AGDD,CV1,5,0.321451809621806,2.83578521071362
BGLR,M1.P,AGDD,CV1,6,0.320034943962242,2.83487289185578
BGLR,M1.P,AGDD,CV1,7,0.322908536508623,2.83488825789234
BGLR,M1.P,AGDD,CV1,8,0.324516525303483,2.83697689192394
BGLR,M1.P,AGDD,CV1,9,0.321927002859674,2.83547353553753
BGLR,M1.P,AGDD,CV1,10,0.322144593135712,2.83718612198287
BGLR,M1.P,AGDD,CV2,1,0.319214773580971,2.83261339778684
BGLR,M1.P,AGDD,CV2,2,0.318986291253545,2.8326226045058
BGLR,M1.P,AGDD,CV2,3,0.319474956588161,2.83283754720536
BGLR,M1.P,AGDD,CV2,4,0.319012770263003,2.83267227356651
BGLR,M1.P,AGDD,CV2,5,0.318989799901219,2.83249466382328
BGLR,M1.P,AGDD,CV2,6,0.319042111033687,2.83266825920927
BGLR,M1.P,AGDD,CV2,7,0.31965443799322,2.83256750673363
BGLR,M1.P,AGDD,CV2,8,0.319426424560399,2.83244142313101
BGLR,M1.P,AGDD,CV2,9,0.319641014746446,2.83240916123346
BGLR,M1.P,AGDD,CV2,10,0.319829649888144,2.83257081365709
BGLR,M10.G.P.W-Int,AGDD,CV0,1,0.431840070523213,2.76336308338443
BGLR,M10.G.P.W-Int,AGDD,CV0,2,0.431499125653366,2.76346985006724
BGLR,M10.G.P.W-Int,AGDD,CV0,3,0.43147904007599,2.76368680660572
BGLR,M10.G.P.W-Int,AGDD,CV0,4,0.431209905863258,2.76331270296235
BGLR,M10.G.P.W-Int,AGDD,CV0,5,0.430622364392492,2.76349355359762
BGLR,M10.G.P.W-Int,AGDD,CV0,6,0.431406446718476,2.76465258498557
BGLR,M10.G.P.W-Int,AGDD,CV0,7,0.431194479062883,2.76271797570925
BGLR,M10.G.P.W-Int,AGDD,CV0,8,0.430462971258725,2.76373993484239
BGLR,M10.G.P.W-Int,AGDD,CV0,9,0.431396228424744,2.7645515601871
BGLR,M10.G.P.W-Int,AGDD,CV0,10,0.430745348033216,2.76396570801317
BGLR,M10.G.P.W-Int,AGDD,CV00,1,0.399215095289277,2.77480550739617
BGLR,M10.G.P.W-Int,AGDD,CV00,2,0.398949562285794,2.77394685143981
BGLR,M10.G.P.W-Int,AGDD,CV00,3,0.410436226563714,2.77328179050099
BGLR,M10.G.P.W-Int,AGDD,CV00,4,0.398086131331416,2.77755753233307
BGLR,M10.G.P.W-Int,AGDD,CV00,5,0.40015345548843,2.77619382571926
BGLR,M10.G.P.W-Int,AGDD,CV00,6,0.402402185999316,2.77743031556477
BGLR,M10.G.P.W-Int,AGDD,CV00,7,0.406948649566811,2.77527724560507
BGLR,M10.G.P.W-Int,AGDD,CV00,8,0.403185012395356,2.7726553675613
BGLR,M10.G.P.W-Int,AGDD,CV00,9,0.409072179010256,2.77186974969968
BGLR,M10.G.P.W-Int,AGDD,CV00,10,0.403361954393733,2.77356262108246
BGLR,M10.G.P.W-Int,AGDD,CV1,1,0.451411723485673,2.28591714921155
BGLR,M10.G.P.W-Int,AGDD,CV1,2,0.450486676318318,2.28465236090134
BGLR,M10.G.P.W-Int,AGDD,CV1,3,0.461999260492685,2.28384653344434
BGLR,M10.G.P.W-Int,AGDD,CV1,4,0.451796562736467,2.28763739544927
BGLR,M10.G.P.W-Int,AGDD,CV1,5,0.452436740764195,2.28455776680843
BGLR,M10.G.P.W-Int,AGDD,CV1,6,0.454591240753569,2.28426096268382
BGLR,M10.G.P.W-Int,AGDD,CV1,7,0.457851305678054,2.28428015075698
BGLR,M10.G.P.W-Int,AGDD,CV1,8,0.457811209222149,2.28500031817436
BGLR,M10.G.P.W-Int,AGDD,CV1,9,0.462795267753601,2.28282217015807
BGLR,M10.G.P.W-Int,AGDD,CV1,10,0.45609937149021,2.28631288547043
BGLR,M10.G.P.W-Int,AGDD,CV2,1,0.534919576258609,2.20955953986574
BGLR,M10.G.P.W-Int,AGDD,CV2,2,0.534596287530186,2.21006846963478
BGLR,M10.G.P.W-Int,AGDD,CV2,3,0.53476785942169,2.20996564531566
BGLR,M10.G.P.W-Int,AGDD,CV2,4,0.534728757487587,2.20949784593047
BGLR,M10.G.P.W-Int,AGDD,CV2,5,0.534051772681546,2.20965111224576
BGLR,M10.G.P.W-Int,AGDD,CV2,6,0.534596572866185,2.21003782188266
BGLR,M10.G.P.W-Int,AGDD,CV2,7,0.534583531885519,2.21007068931329
BGLR,M10.G.P.W-Int,AGDD,CV2,8,0.533693786063394,2.21021947133941
BGLR,M10.G.P.W-Int,AGDD,CV2,9,0.534765798398055,2.21012124833339
BGLR,M10.G.P.W-Int,AGDD,CV2,10,0.534194701408609,2.2100245347145
BGLR,M2.G,AGDD,CV0,1,0.342610214631191,2.71047010354324
BGLR,M2.G,AGDD,CV0,2,0.34282933230533,2.71045203870251
BGLR,M2.G,AGDD,CV0,3,0.342086739957482,2.71073671858465
BGLR,M2.G,AGDD,CV0,4,0.342372602911462,2.71059928313755
BGLR,M2.G,AGDD,CV0,5,0.341497530020345,2.71088402999355
BGLR,M2.G,AGDD,CV0,6,0.342522952244802,2.71073749621661
BGLR,M2.G,AGDD,CV0,7,0.342013792059544,2.71080260721303
BGLR,M2.G,AGDD,CV0,8,0.341291067431243,2.71054002112363
BGLR,M2.G,AGDD,CV0,9,0.34224474125961,2.71082826031871
BGLR,M2.G,AGDD,CV0,10,0.341685086048217,2.71104684288614
BGLR,M2.G,AGDD,CV00,1,0.260359626158468,2.74765792721856
BGLR,M2.G,AGDD,CV00,2,0.269162744110523,2.74540203937391
BGLR,M2.G,AGDD,CV00,3,0.27217624786862,2.74468478566566
BGLR,M2.G,AGDD,CV00,4,0.266788715324586,2.74637283325023
BGLR,M2.G,AGDD,CV00,5,0.269020078380279,2.74758418920057
BGLR,M2.G,AGDD,CV00,6,0.27612990146006,2.7447618729546
BGLR,M2.G,AGDD,CV00,7,0.2803500835806,2.74480057482714
BGLR,M2.G,AGDD,CV00,8,0.27237621692491,2.74691803163555
BGLR,M2.G,AGDD,CV00,9,0.281523040391248,2.74463272615987
BGLR,M2.G,AGDD,CV00,10,0.276586865003868,2.74650190826802
BGLR,M2.G,AGDD,CV1,1,0.275119523806534,2.61070792300064
BGLR,M2.G,AGDD,CV1,2,0.282998076107595,2.60881675999987
BGLR,M2.G,AGDD,CV1,3,0.288487092108656,2.60766268064428
BGLR,M2.G,AGDD,CV1,4,0.28194843508064,2.60944650210755
BGLR,M2.G,AGDD,CV1,5,0.285857394137304,2.60958625060321
BGLR,M2.G,AGDD,CV1,6,0.290449468201103,2.60746863406077
BGLR,M2.G,AGDD,CV1,7,0.295857574831546,2.60665159045693
BGLR,M2.G,AGDD,CV1,8,0.287215229181573,2.60999964684005
BGLR,M2.G,AGDD,CV1,9,0.295659360378086,2.60743183851275
BGLR,M2.G,AGDD,CV1,10,0.292772888274686,2.60901578777342
BGLR,M2.G,AGDD,CV2,1,0.404060039743213,2.54278818144665
BGLR,M2.G,AGDD,CV2,2,0.404353783325206,2.54267650014868
BGLR,M2.G,AGDD,CV2,3,0.403755501630464,2.54286887160669
BGLR,M2.G,AGDD,CV2,4,0.404086614510994,2.54259659773766
BGLR,M2.G,AGDD,CV2,5,0.40286812104884,2.54310033681317
BGLR,M2.G,AGDD,CV2,6,0.403824186448298,2.54295963064939
BGLR,M2.G,AGDD,CV2,7,0.403778928243046,2.5429349325033
BGLR,M2.G,AGDD,CV2,8,0.402708807933865,2.54285414473635
BGLR,M2.G,AGDD,CV2,9,0.403980082496397,2.54288609733674
BGLR,M2.G,AGDD,CV2,10,0.403121944449506,2.54328367248099
BGLR,M3.G-Int,AGDD,CV0,1,0.347799369412633,2.72504869461487
BGLR,M3.G-Int,AGDD,CV0,2,0.350363224810311,2.71935245834551
BGLR,M3.G-Int,AGDD,CV0,3,0.349996985706296,2.71972144288998
BGLR,M3.G-Int,AGDD,CV0,4,0.347732463391935,2.71888407445035
BGLR,M3.G-Int,AGDD,CV0,5,0.345828705297103,2.71828297742074
BGLR,M3.G-Int,AGDD,CV0,6,0.350530271777823,2.71256848958947
BGLR,M3.G-Int,AGDD,CV0,7,0.34904492969579,2.71625361236245
BGLR,M3.G-Int,AGDD,CV0,8,0.347646833470456,2.71469732967748
BGLR,M3.G-Int,AGDD,CV0,9,0.346743546587777,2.72261418836698
BGLR,M3.G-Int,AGDD,CV0,10,0.347068002505035,2.73314926263511
BGLR,M3.G-Int,AGDD,CV00,1,0.238416111014769,2.77197568911063
BGLR,M3.G-Int,AGDD,CV00,2,0.252586651565948,2.76431655066119
BGLR,M3.G-Int,AGDD,CV00,3,0.255914727309021,2.76409417864954
BGLR,M3.G-Int,AGDD,CV00,4,0.247782790102937,2.76484213023623
BGLR,M3.G-Int,AGDD,CV00,5,0.253665635825922,2.76093003954467
BGLR,M3.G-Int,AGDD,CV00,6,0.263278760871407,2.75213019294139
BGLR,M3.G-Int,AGDD,CV00,7,0.2625247042111,2.75910918565284
BGLR,M3.G-Int,AGDD,CV00,8,0.260734467079456,2.75927915348994
BGLR,M3.G-Int,AGDD,CV00,9,0.260309097513046,2.76399066254579
BGLR,M3.G-Int,AGDD,CV00,10,0.262371543445673,2.77365167827959
BGLR,M3.G-Int,AGDD,CV1,1,0.339060345226728,1.86088158898976
BGLR,M3.G-Int,AGDD,CV1,2,0.334585445968654,1.8619206025352
BGLR,M3.G-Int,AGDD,CV1,3,0.349017908289184,1.85595573869533
BGLR,M3.G-Int,AGDD,CV1,4,0.340918015215681,1.86101638716998
BGLR,M3.G-Int,AGDD,CV1,5,0.354622230014961,1.85026066352512
BGLR,M3.G-Int,AGDD,CV1,6,0.350517780703428,1.84994325480222
BGLR,M3.G-Int,AGDD,CV1,7,0.354011266972233,1.85389706804764
BGLR,M3.G-Int,AGDD,CV1,8,0.346395423890938,1.8629003259642
BGLR,M3.G-Int,AGDD,CV1,9,0.347831906453867,1.85721065207616
BGLR,M3.G-Int,AGDD,CV1,10,0.351039112662662,1.85897938204526
BGLR,M3.G-Int,AGDD,CV2,1,0.810896656272763,1.27032182091031
BGLR,M3.G-Int,AGDD,CV2,2,0.811489130143069,1.2683550961034
BGLR,M3.G-Int,AGDD,CV2,3,0.811856465574643,1.26878420779425
BGLR,M3.G-Int,AGDD,CV2,4,0.811989090804804,1.26814198147532
BGLR,M3.G-Int,AGDD,CV2,5,0.811112088192488,1.27056039610196
BGLR,M3.G-Int,AGDD,CV2,6,0.811374473647842,1.26968779566875
BGLR,M3.G-Int,AGDD,CV2,7,0.811624636520156,1.26967790104404
BGLR,M3.G-Int,AGDD,CV2,8,0.812523219090912,1.2671292633048
BGLR,M3.G-Int,AGDD,CV2,9,0.811884425529514,1.26898020140582
BGLR,M3.G-Int,AGDD,CV2,10,0.812012726969913,1.26844552293067
BGLR,M3.P-Int,AGDD,CV0,1,0.291878306622068,2.93232736859694
BGLR,M3.P-Int,AGDD,CV0,2,0.289743804861376,2.93317088468662
BGLR,M3.P-Int,AGDD,CV0,3,0.290283814846594,2.93377382303224
BGLR,M3.P-Int,AGDD,CV0,4,0.288748169745603,2.9333992650585
BGLR,M3.P-Int,AGDD,CV0,5,0.290430190385403,2.93318091300304
BGLR,M3.P-Int,AGDD,CV0,6,0.290969203168464,2.93299673557313
BGLR,M3.P-Int,AGDD,CV0,7,0.29018474355909,2.93329034812536
BGLR,M3.P-Int,AGDD,CV0,8,0.289947100946892,2.93338471020114
BGLR,M3.P-Int,AGDD,CV0,9,0.293951186324343,2.9321189689428
BGLR,M3.P-Int,AGDD,CV0,10,0.292509349879508,2.93354815704677
BGLR,M3.P-Int,AGDD,CV00,1,0.294293592656346,2.93306589006991
BGLR,M3.P-Int,AGDD,CV00,2,0.290707920086616,2.93509433633017
BGLR,M3.P-Int,AGDD,CV00,3,0.296076599559476,2.93340556084192
BGLR,M3.P-Int,AGDD,CV00,4,0.293908135980943,2.93339648640707
BGLR,M3.P-Int,AGDD,CV00,5,0.292869559542967,2.93712218301954
BGLR,M3.P-Int,AGDD,CV00,6,0.291524472216853,2.93376752294979
BGLR,M3.P-Int,AGDD,CV00,7,0.294807372539827,2.93390075138638
BGLR,M3.P-Int,AGDD,CV00,8,0.299219559592177,2.93491451709855
BGLR,M3.P-Int,AGDD,CV00,9,0.299107836578174,2.93279165705732
BGLR,M3.P-Int,AGDD,CV00,10,0.295875485270341,2.93638079620754
BGLR,M3.P-Int,AGDD,CV1,1,0.412686926645012,2.79975689622164
BGLR,M3.P-Int,AGDD,CV1,2,0.409073659967406,2.8093423823443
BGLR,M3.P-Int,AGDD,CV1,3,0.419151488622611,2.81250853496606
BGLR,M3.P-Int,AGDD,CV1,4,0.408391700295856,2.80582709475153
BGLR,M3.P-Int,AGDD,CV1,5,0.405891567873685,2.80866435248246
BGLR,M3.P-Int,AGDD,CV1,6,0.410735226315723,2.8038631801304
BGLR,M3.P-Int,AGDD,CV1,7,0.408777655086723,2.80475604435238
BGLR,M3.P-Int,AGDD,CV1,8,0.413818389420719,2.81037797554764
BGLR,M3.P-Int,AGDD,CV1,9,0.418971372202255,2.80787369397802
BGLR,M3.P-Int,AGDD,CV1,10,0.408995151416648,2.81052054219703
BGLR,M3.P-Int,AGDD,CV2,1,0.423590426529954,2.77833220069118
BGLR,M3.P-Int,AGDD,CV2,2,0.422164942765738,2.77685235747111
BGLR,M3.P-Int,AGDD,CV2,3,0.422755016889135,2.77612227688102
BGLR,M3.P-Int,AGDD,CV2,4,0.423478299133418,2.77736890210724
BGLR,M3.P-Int,AGDD,CV2,5,0.42307068293077,2.77700327224526
BGLR,M3.P-Int,AGDD,CV2,6,0.424867688205641,2.7778058425444
BGLR,M3.P-Int,AGDD,CV2,7,0.424135638173047,2.77742023939287
BGLR,M3.P-Int,AGDD,CV2,8,0.42383408298882,2.77671480615153
BGLR,M3.P-Int,AGDD,CV2,9,0.42270256794147,2.77692649439759
BGLR,M3.P-Int,AGDD,CV2,10,0.422842732472435,2.77710647238044
BGLR,M4.G.W,AGDD,CV0,1,0.349844850787325,2.48383579502836
BGLR,M4.G.W,AGDD,CV0,2,0.349982937328194,2.4838550238078
BGLR,M4.G.W,AGDD,CV0,3,0.349589556095503,2.48409039087979
BGLR,M4.G.W,AGDD,CV0,4,0.34985504256026,2.4837968118123
BGLR,M4.G.W,AGDD,CV0,5,0.348312828264213,2.48406947698566
BGLR,M4.G.W,AGDD,CV0,6,0.349308949096675,2.48415094366288
BGLR,M4.G.W,AGDD,CV0,7,0.348953811678609,2.48428750342068
BGLR,M4.G.W,AGDD,CV0,8,0.348140326104009,2.48399753256347
BGLR,M4.G.W,AGDD,CV0,9,0.349757991386121,2.48411344236335
BGLR,M4.G.W,AGDD,CV0,10,0.348927325764342,2.48436226953177
BGLR,M4.G.W,AGDD,CV00,1,0.250456014175695,2.52134344016294
BGLR,M4.G.W,AGDD,CV00,2,0.260448324971475,2.5201726271983
BGLR,M4.G.W,AGDD,CV00,3,0.266627794329414,2.51880400682046
BGLR,M4.G.W,AGDD,CV00,4,0.259386003775594,2.5219996980226
BGLR,M4.G.W,AGDD,CV00,5,0.265565990132202,2.52153284909198
BGLR,M4.G.W,AGDD,CV00,6,0.268918600710706,2.51833474804711
BGLR,M4.G.W,AGDD,CV00,7,0.272625547475962,2.51823165665713
BGLR,M4.G.W,AGDD,CV00,8,0.265735444591919,2.52026244974408
BGLR,M4.G.W,AGDD,CV00,9,0.272048993550097,2.51887006758097
BGLR,M4.G.W,AGDD,CV00,10,0.271804059544066,2.52066795013545
BGLR,M4.G.W,AGDD,CV1,1,0.272461999370244,2.39547959878424
BGLR,M4.G.W,AGDD,CV1,2,0.280723143749907,2.39418979026603
BGLR,M4.G.W,AGDD,CV1,3,0.288058406776731,2.39221709112516
BGLR,M4.G.W,AGDD,CV1,4,0.279112635014072,2.39584411980135
BGLR,M4.G.W,AGDD,CV1,5,0.287082065484217,2.39402024953557
BGLR,M4.G.W,AGDD,CV1,6,0.28943163560933,2.39176491715552
BGLR,M4.G.W,AGDD,CV1,7,0.294368121598705,2.39066262262963
BGLR,M4.G.W,AGDD,CV1,8,0.286607683237635,2.39435324459596
BGLR,M4.G.W,AGDD,CV1,9,0.292071956593957,2.39219509425001
BGLR,M4.G.W,AGDD,CV1,10,0.292586122585965,2.39462636400137
BGLR,M4.G.W,AGDD,CV2,1,0.426111342155514,2.32339527912665
BGLR,M4.G.W,AGDD,CV2,2,0.426726918275122,2.3229777844247
BGLR,M4.G.W,AGDD,CV2,3,0.426205191313602,2.32327917107688
BGLR,M4.G.W,AGDD,CV2,4,0.426150686052485,2.3232689844659
BGLR,M4.G.W,AGDD,CV2,5,0.425054811906593,2.32365906949967
BGLR,M4.G.W,AGDD,CV2,6,0.426041269965155,2.32357456620117
BGLR,M4.G.W,AGDD,CV2,7,0.425911242036003,2.32354463304769
BGLR,M4.G.W,AGDD,CV2,8,0.425037768284602,2.32330308752706
BGLR,M4.G.W,AGDD,CV2,9,0.426693487930057,2.32338113818971
BGLR,M4.G.W,AGDD,CV2,10,0.425392888049207,2.32360729136422
BGLR,M4.P.W,AGDD,CV0,1,0.284362492691704,2.54316721458404
BGLR,M4.P.W,AGDD,CV0,2,0.284226820171579,2.54309642149559
BGLR,M4.P.W,AGDD,CV0,3,0.284599270191614,2.54340918594506
BGLR,M4.P.W,AGDD,CV0,4,0.284190277504484,2.5432751834038
BGLR,M4.P.W,AGDD,CV0,5,0.284632752153638,2.54307476779163
BGLR,M4.P.W,AGDD,CV0,6,0.284316025868495,2.54331072716249
BGLR,M4.P.W,AGDD,CV0,7,0.284772132850578,2.54323632215257
BGLR,M4.P.W,AGDD,CV0,8,0.28421048022138,2.54319912795661
BGLR,M4.P.W,AGDD,CV0,9,0.284737741082551,2.54320544862118
BGLR,M4.P.W,AGDD,CV0,10,0.284603415654642,2.54332406471863
BGLR,M4.P.W,AGDD,CV00,1,0.288231512914958,2.54269423595227
BGLR,M4.P.W,AGDD,CV00,2,0.28612155302402,2.54329432277479
BGLR,M4.P.W,AGDD,CV00,3,0.291512880720467,2.5422149658561
BGLR,M4.P.W,AGDD,CV00,4,0.287173821203724,2.5430678881199
BGLR,M4.P.W,AGDD,CV00,5,0.288338797676667,2.54384366938239
BGLR,M4.P.W,AGDD,CV00,6,0.285922105335752,2.54262046805199
BGLR,M4.P.W,AGDD,CV00,7,0.289333864354516,2.54293034825983
BGLR,M4.P.W,AGDD,CV00,8,0.290213554013936,2.54498838281243
BGLR,M4.P.W,AGDD,CV00,9,0.288478470370372,2.54306050755703
BGLR,M4.P.W,AGDD,CV00,10,0.289193757191253,2.54474013966481
BGLR,M4.P.W,AGDD,CV1,1,0.322023865299642,2.42867983827019
BGLR,M4.P.W,AGDD,CV1,2,0.319674892539924,2.42978693562153
BGLR,M4.P.W,AGDD,CV1,3,0.325101658778146,2.42845758985631
BGLR,M4.P.W,AGDD,CV1,4,0.32119323773229,2.42953556622448
BGLR,M4.P.W,AGDD,CV1,5,0.32118197440648,2.43049370777971
BGLR,M4.P.W,AGDD,CV1,6,0.320011257817605,2.42888250345528
BGLR,M4.P.W,AGDD,CV1,7,0.322941109197564,2.42976990199769
BGLR,M4.P.W,AGDD,CV1,8,0.32465113095749,2.43162149252941
BGLR,M4.P.W,AGDD,CV1,9,0.322610945948591,2.42953531152564
BGLR,M4.P.W,AGDD,CV1,10,0.322181663439734,2.4322001751363
BGLR,M4.P.W,AGDD,CV2,1,0.319350987177373,2.42759955174766
BGLR,M4.P.W,AGDD,CV2,2,0.319021812717907,2.42769249092812
BGLR,M4.P.W,AGDD,CV2,3,0.319503082938283,2.42777473725368
BGLR,M4.P.W,AGDD,CV2,4,0.319199550372858,2.42759263671935
BGLR,M4.P.W,AGDD,CV2,5,0.319043916661444,2.42757032389702
BGLR,M4.P.W,AGDD,CV2,6,0.319185895963323,2.42778066339749
BGLR,M4.P.W,AGDD,CV2,7,0.319706383501564,2.42750376614376
BGLR,M4.P.W,AGDD,CV2,8,0.319464099641416,2.42747177502763
BGLR,M4.P.W,AGDD,CV2,9,0.31966522256435,2.42762388658227
BGLR,M4.P.W,AGDD,CV2,10,0.319797180718013,2.42759622574477
BGLR,M5.G.W-Int,AGDD,CV0,1,0.34537734158006,2.78401745145663
BGLR,M5.G.W-Int,AGDD,CV0,2,0.345726488645136,2.78495458019336
BGLR,M5.G.W-Int,AGDD,CV0,3,0.3451356581891,2.78537534696137
BGLR,M5.G.W-Int,AGDD,CV0,4,0.345461400376951,2.78560943781837
BGLR,M5.G.W-Int,AGDD,CV0,5,0.343649751767275,2.78570419876931
BGLR,M5.G.W-Int,AGDD,CV0,6,0.344917417421781,2.78508349281078
BGLR,M5.G.W-Int,AGDD,CV0,7,0.344457843398183,2.7853978221104
BGLR,M5.G.W-Int,AGDD,CV0,8,0.343675324720453,2.78564267619438
BGLR,M5.G.W-Int,AGDD,CV0,9,0.344724862337116,2.78574417929897
BGLR,M5.G.W-Int,AGDD,CV0,10,0.344734506213416,2.78479522291551
BGLR,M5.G.W-Int,AGDD,CV00,1,0.243643913028832,2.80994579857513
BGLR,M5.G.W-Int,AGDD,CV00,2,0.252430664314628,2.80856892716397
BGLR,M5.G.W-Int,AGDD,CV00,3,0.258484906354255,2.80831789633968
BGLR,M5.G.W-Int,AGDD,CV00,4,0.250000228494842,2.8139187652592
BGLR,M5.G.W-Int,AGDD,CV00,5,0.259025676151747,2.81196374759824
BGLR,M5.G.W-Int,AGDD,CV00,6,0.258724794179601,2.81026833444158
BGLR,M5.G.W-Int,AGDD,CV00,7,0.268898728040975,2.80994122483111
BGLR,M5.G.W-Int,AGDD,CV00,8,0.25899389953336,2.81010551657501
BGLR,M5.G.W-Int,AGDD,CV00,9,0.258586678369438,2.80740975052251
BGLR,M5.G.W-Int,AGDD,CV00,10,0.259015521746032,2.81053354730583
BGLR,M5.G.W-Int,AGDD,CV1,1,0.286978884549374,2.35727489177645
BGLR,M5.G.W-Int,AGDD,CV1,2,0.296333496733301,2.35561710391284
BGLR,M5.G.W-Int,AGDD,CV1,3,0.304488224949221,2.35291868346758
BGLR,M5.G.W-Int,AGDD,CV1,4,0.296344490887905,2.35627637994625
BGLR,M5.G.W-Int,AGDD,CV1,5,0.304117315641442,2.35347176182284
BGLR,M5.G.W-Int,AGDD,CV1,6,0.303224206306486,2.35193058611997
BGLR,M5.G.W-Int,AGDD,CV1,7,0.313831655283413,2.35091539957299
BGLR,M5.G.W-Int,AGDD,CV1,8,0.304487163890494,2.35431345513242
BGLR,M5.G.W-Int,AGDD,CV1,9,0.302493886816127,2.35266478680199
BGLR,M5.G.W-Int,AGDD,CV1,10,0.305722258029013,2.35563448980858
BGLR,M5.G.W-Int,AGDD,CV2,1,0.475999924964081,2.25088642852967
BGLR,M5.G.W-Int,AGDD,CV2,2,0.476494747688474,2.25066929055178
BGLR,M5.G.W-Int,AGDD,CV2,3,0.47586453281943,2.25094695137392
BGLR,M5.G.W-Int,AGDD,CV2,4,0.476252170732121,2.25049027439488
BGLR,M5.G.W-Int,AGDD,CV2,5,0.474375784717926,2.25155433482869
BGLR,M5.G.W-Int,AGDD,CV2,6,0.476075236572001,2.25106285557663
BGLR,M5.G.W-Int,AGDD,CV2,7,0.475622561358232,2.25135194648435
BGLR,M5.G.W-Int,AGDD,CV2,8,0.475269431636754,2.25053811563918
BGLR,M5.G.W-Int,AGDD,CV2,9,0.475518746477973,2.25149677483586
BGLR,M5.G.W-Int,AGDD,CV2,10,0.475258918182641,2.25126284015787
BGLR,M5.P.W-Int,AGDD,CV0,1,0.311443965888134,2.54126668721228
BGLR,M5.P.W-Int,AGDD,CV0,2,0.311648371784327,2.54122424751649
BGLR,M5.P.W-Int,AGDD,CV0,3,0.312123499148529,2.54168642123429
BGLR,M5.P.W-Int,AGDD,CV0,4,0.310978028511357,2.54141240576727
BGLR,M5.P.W-Int,AGDD,CV0,5,0.311949116622011,2.54103001364023
BGLR,M5.P.W-Int,AGDD,CV0,6,0.31127513778207,2.54148894309807
BGLR,M5.P.W-Int,AGDD,CV0,7,0.312287152546514,2.54114679599128
BGLR,M5.P.W-Int,AGDD,CV0,8,0.311702477341176,2.54126222232988
BGLR,M5.P.W-Int,AGDD,CV0,9,0.311979287729473,2.54133944326988
BGLR,M5.P.W-Int,AGDD,CV0,10,0.311697893275877,2.54153290545965
BGLR,M5.P.W-Int,AGDD,CV00,1,0.316362945841311,2.54115281102679
BGLR,M5.P.W-Int,AGDD,CV00,2,0.311735041994673,2.54226114606172
BGLR,M5.P.W-Int,AGDD,CV00,3,0.320553682159389,2.54025736407532
BGLR,M5.P.W-Int,AGDD,CV00,4,0.314129953002256,2.54186861447807
BGLR,M5.P.W-Int,AGDD,CV00,5,0.313709857102049,2.54337822467169
BGLR,M5.P.W-Int,AGDD,CV00,6,0.313932826439718,2.54156169219054
BGLR,M5.P.W-Int,AGDD,CV00,7,0.313063601144094,2.54301606305719
BGLR,M5.P.W-Int,AGDD,CV00,8,0.318373454651444,2.54373261548769
BGLR,M5.P.W-Int,AGDD,CV00,9,0.317805098172314,2.5415758655721
BGLR,M5.P.W-Int,AGDD,CV00,10,0.315987466345943,2.54336846322052
BGLR,M5.P.W-Int,AGDD,CV1,1,0.349217361314206,2.41967487525484
BGLR,M5.P.W-Int,AGDD,CV1,2,0.344694829134408,2.42071602893173
BGLR,M5.P.W-Int,AGDD,CV1,3,0.354809369870334,2.4193745569925
BGLR,M5.P.W-Int,AGDD,CV1,4,0.348619566963237,2.42049604705001
BGLR,M5.P.W-Int,AGDD,CV1,5,0.346244614808959,2.42245938660514
BGLR,M5.P.W-Int,AGDD,CV1,6,0.348961993438894,2.4203990668439
BGLR,M5.P.W-Int,AGDD,CV1,7,0.347854173406224,2.42160765069835
BGLR,M5.P.W-Int,AGDD,CV1,8,0.352796754817468,2.42241045348883
BGLR,M5.P.W-Int,AGDD,CV1,9,0.35350236361913,2.42073782723533
BGLR,M5.P.W-Int,AGDD,CV1,10,0.348689140922589,2.42331334343497
BGLR,M5.P.W-Int,AGDD,CV2,1,0.348883999988469,2.41655550693993
BGLR,M5.P.W-Int,AGDD,CV2,2,0.348732097897405,2.41659631392588
BGLR,M5.P.W-Int,AGDD,CV2,3,0.349186674121764,2.41675397990338
BGLR,M5.P.W-Int,AGDD,CV2,4,0.348305676421938,2.41658593309986
BGLR,M5.P.W-Int,AGDD,CV2,5,0.348549721922447,2.41633664390998
BGLR,M5.P.W-Int,AGDD,CV2,6,0.348604460283991,2.41662099716069
BGLR,M5.P.W-Int,AGDD,CV2,7,0.349261136039829,2.4162775093753
BGLR,M5.P.W-Int,AGDD,CV2,8,0.348986054438256,2.41651840062143
BGLR,M5.P.W-Int,AGDD,CV2,9,0.349199618776689,2.41652506113523
BGLR,M5.P.W-Int,AGDD,CV2,10,0.349156289714934,2.41649777841729
BGLR,M6.G.P,AGDD,CV0,1,0.425532183506286,2.65921043625761
BGLR,M6.G.P,AGDD,CV0,2,0.425238201289618,2.65918697130317
BGLR,M6.G.P,AGDD,CV0,3,0.425213341493061,2.65952348190662
BGLR,M6.G.P,AGDD,CV0,4,0.42488792175433,2.65916478240202
BGLR,M6.G.P,AGDD,CV0,5,0.424862229509005,2.65905953008125
BGLR,M6.G.P,AGDD,CV0,6,0.42587107695518,2.65890433985943
BGLR,M6.G.P,AGDD,CV0,7,0.425315326026128,2.65932017606976
BGLR,M6.G.P,AGDD,CV0,8,0.424771361056107,2.65903384386748
BGLR,M6.G.P,AGDD,CV0,9,0.425674303235609,2.65876359444128
BGLR,M6.G.P,AGDD,CV0,10,0.424940539007846,2.6594175017455
BGLR,M6.G.P,AGDD,CV00,1,0.402310565146154,2.67739704764887
BGLR,M6.G.P,AGDD,CV00,2,0.40166270647396,2.67656962464333
BGLR,M6.G.P,AGDD,CV00,3,0.409289281110918,2.67517112093961
BGLR,M6.G.P,AGDD,CV00,4,0.400103106269294,2.67787606834634
BGLR,M6.G.P,AGDD,CV00,5,0.400647483731994,2.67764823611593
BGLR,M6.G.P,AGDD,CV00,6,0.403729776066465,2.67739319597934
BGLR,M6.G.P,AGDD,CV00,7,0.408061006062793,2.676250142542
BGLR,M6.G.P,AGDD,CV00,8,0.404247618204854,2.67833374927464
BGLR,M6.G.P,AGDD,CV00,9,0.407772942883892,2.67755325799435
BGLR,M6.G.P,AGDD,CV00,10,0.404353924168095,2.67675172917294
BGLR,M6.G.P,AGDD,CV1,1,0.427732379414274,2.52894439281912
BGLR,M6.G.P,AGDD,CV1,2,0.426515686242069,2.5285257076937
BGLR,M6.G.P,AGDD,CV1,3,0.4345201696888,2.52740837831556
BGLR,M6.G.P,AGDD,CV1,4,0.424848812830653,2.53008283633326
BGLR,M6.G.P,AGDD,CV1,5,0.426447796329596,2.52947086508558
BGLR,M6.G.P,AGDD,CV1,6,0.429480529731239,2.52944952202482
BGLR,M6.G.P,AGDD,CV1,7,0.43316779974852,2.52822683374956
BGLR,M6.G.P,AGDD,CV1,8,0.430171849104777,2.53106733330398
BGLR,M6.G.P,AGDD,CV1,9,0.432992948729683,2.52987908055312
BGLR,M6.G.P,AGDD,CV1,10,0.428966515387386,2.52941652085579
BGLR,M6.G.P,AGDD,CV2,1,0.471930698953607,2.49263459656916
BGLR,M6.G.P,AGDD,CV2,2,0.471719793893238,2.49266194304029
BGLR,M6.G.P,AGDD,CV2,3,0.471857470138503,2.49279398719718
BGLR,M6.G.P,AGDD,CV2,4,0.471571145741927,2.49267178526527
BGLR,M6.G.P,AGDD,CV2,5,0.47119250623873,2.4926858369755
BGLR,M6.G.P,AGDD,CV2,6,0.472142309018759,2.49255587927978
BGLR,M6.G.P,AGDD,CV2,7,0.471657132305353,2.49270758566031
BGLR,M6.G.P,AGDD,CV2,8,0.471472000962021,2.4925643491651
BGLR,M6.G.P,AGDD,CV2,9,0.47216532305581,2.49240570221763
BGLR,M6.G.P,AGDD,CV2,10,0.471497787994202,2.49277922288857
BGLR,M7.G.P,AGDD,CV0,1,0.42776304122404,2.65644611780564
BGLR,M7.G.P,AGDD,CV0,2,0.427344961617288,2.65662521484276
BGLR,M7.G.P,AGDD,CV0,3,0.427511432920175,2.65671477172445
BGLR,M7.G.P,AGDD,CV0,4,0.427313252178595,2.65643665462008
BGLR,M7.G.P,AGDD,CV0,5,0.426873315351857,2.65662116287324
BGLR,M7.G.P,AGDD,CV0,6,0.427831152995302,2.65654057623715
BGLR,M7.G.P,AGDD,CV0,7,0.427497659268298,2.65665826678122
BGLR,M7.G.P,AGDD,CV0,8,0.426820610584114,2.65664951438631
BGLR,M7.G.P,AGDD,CV0,9,0.427667223251081,2.65649044081803
BGLR,M7.G.P,AGDD,CV0,10,0.42696425571775,2.65689097432459
BGLR,M7.G.P,AGDD,CV00,1,0.40339414840165,2.67619701011186
BGLR,M7.G.P,AGDD,CV00,2,0.401791103804425,2.67600488166172
BGLR,M7.G.P,AGDD,CV00,3,0.41028043930456,2.67386185305453
BGLR,M7.G.P,AGDD,CV00,4,0.400803669297182,2.67705495872454
BGLR,M7.G.P,AGDD,CV00,5,0.401893960739454,2.67611628319676
BGLR,M7.G.P,AGDD,CV00,6,0.405292483652232,2.67647655898057
BGLR,M7.G.P,AGDD,CV00,7,0.40938671295429,2.67548981614407
BGLR,M7.G.P,AGDD,CV00,8,0.405826237775506,2.67765524814049
BGLR,M7.G.P,AGDD,CV00,9,0.409594187511459,2.67622018845955
BGLR,M7.G.P,AGDD,CV00,10,0.405759221067554,2.67544365095718
BGLR,M7.G.P,AGDD,CV1,1,0.42892277584522,2.52832445814493
BGLR,M7.G.P,AGDD,CV1,2,0.427175892016527,2.52796013667013
BGLR,M7.G.P,AGDD,CV1,3,0.436336828107717,2.52623666808152
BGLR,M7.G.P,AGDD,CV1,4,0.42696640428644,2.52919418489053
BGLR,M7.G.P,AGDD,CV1,5,0.428479722240169,2.52765642775453
BGLR,M7.G.P,AGDD,CV1,6,0.431739882923163,2.52775591280575
BGLR,M7.G.P,AGDD,CV1,7,0.435260314901465,2.5272277770819
BGLR,M7.G.P,AGDD,CV1,8,0.431591837255564,2.52977679658549
BGLR,M7.G.P,AGDD,CV1,9,0.435157152002431,2.52842290275826
BGLR,M7.G.P,AGDD,CV1,10,0.431417232130147,2.52774779539451
BGLR,M7.G.P,AGDD,CV2,1,0.482161988751522,2.48198501847647
BGLR,M7.G.P,AGDD,CV2,2,0.482173751953576,2.48182514698922
BGLR,M7.G.P,AGDD,CV2,3,0.482429859863496,2.48181719015274
BGLR,M7.G.P,AGDD,CV2,4,0.482006086108499,2.48188280348302
BGLR,M7.G.P,AGDD,CV2,5,0.481327309583879,2.48224384990492
BGLR,M7.G.P,AGDD,CV2,6,0.482405708605775,2.4819251916237
BGLR,M7.G.P,AGDD,CV2,7,0.482390524371588,2.4818250128089
BGLR,M7.G.P,AGDD,CV2,8,0.481634298969983,2.48186413255352
BGLR,M7.G.P,AGDD,CV2,9,0.482365999000914,2.48183112497407
BGLR,M7.G.P,AGDD,CV2,10,0.481830598841376,2.48212206062821
BGLR,M8.G.P-Int,AGDD,CV0,1,0.417619850691822,2.67270167631421
BGLR,M8.G.P-Int,AGDD,CV0,2,0.418893180572749,2.67346133728573
BGLR,M8.G.P-Int,AGDD,CV0,3,0.419287853548188,2.66801059574573
BGLR,M8.G.P-Int,AGDD,CV0,4,0.420928349389407,2.67554282488072
BGLR,M8.G.P-Int,AGDD,CV0,5,0.416443885951691,2.67997029703106
BGLR,M8.G.P-Int,AGDD,CV0,6,0.421195494645863,2.68202074078872
BGLR,M8.G.P-Int,AGDD,CV0,7,0.416838052485577,2.67825010257308
BGLR,M8.G.P-Int,AGDD,CV0,8,0.417265698018939,2.68175449934654
BGLR,M8.G.P-Int,AGDD,CV0,9,0.419965352817222,2.67945260224232
BGLR,M8.G.P-Int,AGDD,CV0,10,0.417778151874829,2.67745357828036
BGLR,M8.G.P-Int,AGDD,CV00,1,0.374133496452048,2.69944863805937
BGLR,M8.G.P-Int,AGDD,CV00,2,0.373696533290764,2.70083515995505
BGLR,M8.G.P-Int,AGDD,CV00,3,0.379235393403763,2.69484021791703
BGLR,M8.G.P-Int,AGDD,CV00,4,0.374242477534806,2.70250990007708
BGLR,M8.G.P-Int,AGDD,CV00,5,0.375555542075387,2.70551066819573
BGLR,M8.G.P-Int,AGDD,CV00,6,0.380854188968769,2.70379796016098
BGLR,M8.G.P-Int,AGDD,CV00,7,0.384600161923411,2.69840134022263
BGLR,M8.G.P-Int,AGDD,CV00,8,0.381450474080682,2.70676671863248
BGLR,M8.G.P-Int,AGDD,CV00,9,0.38871504833796,2.70238669193502
BGLR,M8.G.P-Int,AGDD,CV00,10,0.385344806828043,2.7021456823716
BGLR,M8.G.P-Int,AGDD,CV1,1,0.49761793457514,1.74453185611852
BGLR,M8.G.P-Int,AGDD,CV1,2,0.495489888801945,1.74363643371771
BGLR,M8.G.P-Int,AGDD,CV1,3,0.501778082751643,1.746290707075
BGLR,M8.G.P-Int,AGDD,CV1,4,0.497462848858223,1.74863574663241
BGLR,M8.G.P-Int,AGDD,CV1,5,0.502902228738894,1.74087427769097
BGLR,M8.G.P-Int,AGDD,CV1,6,0.502080154807342,1.74223545602071
BGLR,M8.G.P-Int,AGDD,CV1,7,0.503943373782038,1.74090338895036
BGLR,M8.G.P-Int,AGDD,CV1,8,0.499620459951913,1.75013527065048
BGLR,M8.G.P-Int,AGDD,CV1,9,0.508290970348882,1.74347912166937
BGLR,M8.G.P-Int,AGDD,CV1,10,0.504469867643967,1.74569410184584
BGLR,M8.G.P-Int,AGDD,CV2,1,0.823383450954663,1.21652564696542
BGLR,M8.G.P-Int,AGDD,CV2,2,0.823525140185739,1.21559423692423
BGLR,M8.G.P-Int,AGDD,CV2,3,0.824241603301155,1.21448018675818
BGLR,M8.G.P-Int,AGDD,CV2,4,0.823867703758374,1.21501257300667
BGLR,M8.G.P-Int,AGDD,CV2,5,0.82385744507211,1.21516497142347
BGLR,M8.G.P-Int,AGDD,CV2,6,0.823915138923461,1.21497787007195
BGLR,M8.G.P-Int,AGDD,CV2,7,0.823744988422507,1.21559786699385
BGLR,M8.G.P-Int,AGDD,CV2,8,0.82430876962982,1.21433568233876
BGLR,M8.G.P-Int,AGDD,CV2,9,0.8238799103803,1.21554449438808
BGLR,M8.G.P-Int,AGDD,CV2,10,0.823697368557949,1.21553324765109
BGLR,M9.G.P.W,AGDD,CV0,1,0.422583564713322,2.4474443248807
BGLR,M9.G.P.W,AGDD,CV0,2,0.422134871491607,2.44748206299181
BGLR,M9.G.P.W,AGDD,CV0,3,0.422262019930968,2.44768414442734
BGLR,M9.G.P.W,AGDD,CV0,4,0.421944617399006,2.44743435526283
BGLR,M9.G.P.W,AGDD,CV0,5,0.421577180826886,2.44747087549707
BGLR,M9.G.P.W,AGDD,CV0,6,0.422504146264975,2.44758442547868
BGLR,M9.G.P.W,AGDD,CV0,7,0.422163595623258,2.4476937807462
BGLR,M9.G.P.W,AGDD,CV0,8,0.421455237604379,2.44727225241001
BGLR,M9.G.P.W,AGDD,CV0,9,0.422500203788144,2.44740912932497
BGLR,M9.G.P.W,AGDD,CV0,10,0.421662909940081,2.44790287235197
BGLR,M9.G.P.W,AGDD,CV00,1,0.391157885834408,2.46750750079794
BGLR,M9.G.P.W,AGDD,CV00,2,0.390624353166523,2.46679759588781
BGLR,M9.G.P.W,AGDD,CV00,3,0.397731211768553,2.4646438963458
BGLR,M9.G.P.W,AGDD,CV00,4,0.388996580828401,2.46920134933547
BGLR,M9.G.P.W,AGDD,CV00,5,0.392885466494073,2.46769814205993
BGLR,M9.G.P.W,AGDD,CV00,6,0.395764837251734,2.46614654786464
BGLR,M9.G.P.W,AGDD,CV00,7,0.397875238583438,2.46607004132416
BGLR,M9.G.P.W,AGDD,CV00,8,0.393409348917785,2.46883015969107
BGLR,M9.G.P.W,AGDD,CV00,9,0.397712737750166,2.46643654934981
BGLR,M9.G.P.W,AGDD,CV00,10,0.396206503973223,2.46690470509529
BGLR,M9.G.P.W,AGDD,CV1,1,0.424489283956315,2.3296174143128
BGLR,M9.G.P.W,AGDD,CV1,2,0.423287496645606,2.32891788383299
BGLR,M9.G.P.W,AGDD,CV1,3,0.430928286379652,2.32762871047074
BGLR,M9.G.P.W,AGDD,CV1,4,0.422732176080593,2.33143437655778
BGLR,M9.G.P.W,AGDD,CV1,5,0.426536089822531,2.32868990155892
BGLR,M9.G.P.W,AGDD,CV1,6,0.428636202326319,2.32789080569584
BGLR,M9.G.P.W,AGDD,CV1,7,0.431190419895247,2.32829847263532
BGLR,M9.G.P.W,AGDD,CV1,8,0.42793658195964,2.33089988084137
BGLR,M9.G.P.W,AGDD,CV1,9,0.431070357058882,2.32870516213056
BGLR,M9.G.P.W,AGDD,CV1,10,0.429235308193563,2.32994272692688
BGLR,M9.G.P.W,AGDD,CV2,1,0.488424951659806,2.28111852741451
BGLR,M9.G.P.W,AGDD,CV2,2,0.487876865177023,2.28141240851503
BGLR,M9.G.P.W,AGDD,CV2,3,0.488321364296634,2.28134971052337
BGLR,M9.G.P.W,AGDD,CV2,4,0.488146398147467,2.28098348608763
BGLR,M9.G.P.W,AGDD,CV2,5,0.487247728936678,2.2814830267422
BGLR,M9.G.P.W,AGDD,CV2,6,0.48816214902626,2.28148429313002
BGLR,M9.G.P.W,AGDD,CV2,7,0.488117258980152,2.28132150861419
BGLR,M9.G.P.W,AGDD,CV2,8,0.487409352360684,2.28122143446234
BGLR,M9.G.P.W,AGDD,CV2,9,0.488541529045125,2.28124437035116
BGLR,M9.G.P.W,AGDD,CV2,10,0.487585901136252,2.28155776370896
BGLR,M1.G,DAP,CV0,1,0.338099790435538,2.71478245190275
BGLR,M1.G,DAP,CV0,2,0.33813380024585,2.71492633280584
BGLR,M1.G,DAP,CV0,3,0.337463793617087,2.71497210644457
BGLR,M1.G,DAP,CV0,4,0.337553017976287,2.71495115717277
BGLR,M1.G,DAP,CV0,5,0.337288956258762,2.71494205652002
BGLR,M1.G,DAP,CV0,6,0.337970267517723,2.71497334170152
BGLR,M1.G,DAP,CV0,7,0.337419474607556,2.7150527640648
BGLR,M1.G,DAP,CV0,8,0.336712106619773,2.71502148023885
BGLR,M1.G,DAP,CV0,9,0.337913259252018,2.71508312334825
BGLR,M1.G,DAP,CV0,10,0.337280410527127,2.71530973088138
BGLR,M1.G,DAP,CV00,1,0.260543539866521,2.74770567830337
BGLR,M1.G,DAP,CV00,2,0.268286045936611,2.74670940590311
BGLR,M1.G,DAP,CV00,3,0.270210362847876,2.74541060604399
BGLR,M1.G,DAP,CV00,4,0.265343309692497,2.74654190596437
BGLR,M1.G,DAP,CV00,5,0.266659896627574,2.74949348107481
BGLR,M1.G,DAP,CV00,6,0.273421874124189,2.74624723651723
BGLR,M1.G,DAP,CV00,7,0.278145326564263,2.74494199395778
BGLR,M1.G,DAP,CV00,8,0.270121484040637,2.74760787836655
BGLR,M1.G,DAP,CV00,9,0.277620709128929,2.74630486726253
BGLR,M1.G,DAP,CV00,10,0.274681900829384,2.74748606511619
BGLR,M1.G,DAP,CV1,1,0.275256066030416,2.61083352000913
BGLR,M1.G,DAP,CV1,2,0.280920771599359,2.60986127638245
BGLR,M1.G,DAP,CV1,3,0.284665426649146,2.60870031277415
BGLR,M1.G,DAP,CV1,4,0.278797818560785,2.61023931296814
BGLR,M1.G,DAP,CV1,5,0.279874644207356,2.61241467774886
BGLR,M1.G,DAP,CV1,6,0.28645765149665,2.6088030674355
BGLR,M1.G,DAP,CV1,7,0.291315878298622,2.60781185226081
BGLR,M1.G,DAP,CV1,8,0.283672820639635,2.61079930184268
BGLR,M1.G,DAP,CV1,9,0.291871178354816,2.6088565161919
BGLR,M1.G,DAP,CV1,10,0.287583431661136,2.61102854444111
BGLR,M1.G,DAP,CV2,1,0.385727606420412,2.55725880131603
BGLR,M1.G,DAP,CV2,2,0.38570649015693,2.55738628319374
BGLR,M1.G,DAP,CV2,3,0.385013628835627,2.55757600670118
BGLR,M1.G,DAP,CV2,4,0.38520945605384,2.55735210997241
BGLR,M1.G,DAP,CV2,5,0.384609241953713,2.55755864455787
BGLR,M1.G,DAP,CV2,6,0.385330254025083,2.55754851527253
BGLR,M1.G,DAP,CV2,7,0.385013457816097,2.55760333666126
BGLR,M1.G,DAP,CV2,8,0.384129834344924,2.5574895049625
BGLR,M1.G,DAP,CV2,9,0.385423713499669,2.55747830497232
BGLR,M1.G,DAP,CV2,10,0.38465863767887,2.55781761472968
BGLR,M1.P,DAP,CV0,1,0.274063101910877,2.94082538622344
BGLR,M1.P,DAP,CV0,2,0.273633025965679,2.94081152725188
BGLR,M1.P,DAP,CV0,3,0.274898222662697,2.94073000042768
BGLR,M1.P,DAP,CV0,4,0.273946226845954,2.94040304783659
BGLR,M1.P,DAP,CV0,5,0.274278971975171,2.94048181538165
BGLR,M1.P,DAP,CV0,6,0.274524259331048,2.9406158932356
BGLR,M1.P,DAP,CV0,7,0.275066335456945,2.94040308615937
BGLR,M1.P,DAP,CV0,8,0.273850170500364,2.94083382479767
BGLR,M1.P,DAP,CV0,9,0.273999674388565,2.94064117478982
BGLR,M1.P,DAP,CV0,10,0.275089295427714,2.94072383590624
BGLR,M1.P,DAP,CV00,1,0.274694371794092,2.94123465488972
BGLR,M1.P,DAP,CV00,2,0.276563157798675,2.94065435797125
BGLR,M1.P,DAP,CV00,3,0.286493861129221,2.94084571032792
BGLR,M1.P,DAP,CV00,4,0.278046354975303,2.94081997392176
BGLR,M1.P,DAP,CV00,5,0.276465001329381,2.94219423858896
BGLR,M1.P,DAP,CV00,6,0.274962741970511,2.94111521925694
BGLR,M1.P,DAP,CV00,7,0.278157303532998,2.94152444291812
BGLR,M1.P,DAP,CV00,8,0.278694153197773,2.94204954352749
BGLR,M1.P,DAP,CV00,9,0.279289061029346,2.94111016634972
BGLR,M1.P,DAP,CV00,10,0.278799867879276,2.94311156249029
BGLR,M1.P,DAP,CV1,1,0.301957040836688,2.84599550103161
BGLR,M1.P,DAP,CV1,2,0.30403783797433,2.84585091176467
BGLR,M1.P,DAP,CV1,3,0.312512794367068,2.84555999698569
BGLR,M1.P,DAP,CV1,4,0.305770843281418,2.84537629573185
BGLR,M1.P,DAP,CV1,5,0.304528019390817,2.84637014143916
BGLR,M1.P,DAP,CV1,6,0.302921806120156,2.84647261041144
BGLR,M1.P,DAP,CV1,7,0.305169573612686,2.84672066377445
BGLR,M1.P,DAP,CV1,8,0.306568677579194,2.84699854604497
BGLR,M1.P,DAP,CV1,9,0.308847687285243,2.84626207166624
BGLR,M1.P,DAP,CV1,10,0.306545183299974,2.84816619421361
BGLR,M1.P,DAP,CV2,1,0.30341244948668,2.84282844064405
BGLR,M1.P,DAP,CV2,2,0.302889826402557,2.84302238423358
BGLR,M1.P,DAP,CV2,3,0.303083145412269,2.84315674632239
BGLR,M1.P,DAP,CV2,4,0.302815491449726,2.8428755387188
BGLR,M1.P,DAP,CV2,5,0.303034000064287,2.84290639173247
BGLR,M1.P,DAP,CV2,6,0.303496938376461,2.84290761953978
BGLR,M1.P,DAP,CV2,7,0.30336480566111,2.84288384606174
BGLR,M1.P,DAP,CV2,8,0.303025675820299,2.84287948564282
BGLR,M1.P,DAP,CV2,9,0.303219164608248,2.84274294644869
BGLR,M1.P,DAP,CV2,10,0.303558509661301,2.84305052954627
BGLR,M10.G.P.W-Int,DAP,CV0,1,0.439678009799561,2.58175062791845
BGLR,M10.G.P.W-Int,DAP,CV0,2,0.439455295419907,2.58178232569604
BGLR,M10.G.P.W-Int,DAP,CV0,3,0.439606698785377,2.58133129103294
BGLR,M10.G.P.W-Int,DAP,CV0,4,0.439072801131248,2.58108924508452
BGLR,M10.G.P.W-Int,DAP,CV0,5,0.439205391817384,2.58129659744737
BGLR,M10.G.P.W-Int,DAP,CV0,6,0.439760260647554,2.58135041944513
BGLR,M10.G.P.W-Int,DAP,CV0,7,0.439673501400832,2.58139878216745
BGLR,M10.G.P.W-Int,DAP,CV0,8,0.438960382819721,2.58132574735684
BGLR,M10.G.P.W-Int,DAP,CV0,9,0.439617322940952,2.58185409717955
BGLR,M10.G.P.W-Int,DAP,CV0,10,0.4401680961448,2.58084710357047
BGLR,M10.G.P.W-Int,DAP,CV00,1,0.401473688384272,2.60099511289133
BGLR,M10.G.P.W-Int,DAP,CV00,2,0.40623428742029,2.59878940335519
BGLR,M10.G.P.W-Int,DAP,CV00,3,0.414893446525175,2.5997113856812
BGLR,M10.G.P.W-Int,DAP,CV00,4,0.404335207042663,2.6033981373262
BGLR,M10.G.P.W-Int,DAP,CV00,5,0.405866499395877,2.59992731859391
BGLR,M10.G.P.W-Int,DAP,CV00,6,0.405631473674603,2.59954772570208
BGLR,M10.G.P.W-Int,DAP,CV00,7,0.414489794568705,2.59783279979223
BGLR,M10.G.P.W-Int,DAP,CV00,8,0.409396535736376,2.60108710477028
BGLR,M10.G.P.W-Int,DAP,CV00,9,0.415095282449076,2.59747086513837
BGLR,M10.G.P.W-Int,DAP,CV00,10,0.407459885784165,2.60220275537508
BGLR,M10.G.P.W-Int,DAP,CV1,1,0.433883697566914,2.34957090928002
BGLR,M10.G.P.W-Int,DAP,CV1,2,0.436316164849521,2.34836077851762
BGLR,M10.G.P.W-Int,DAP,CV1,3,0.4447760963297,2.34751956148408
BGLR,M10.G.P.W-Int,DAP,CV1,4,0.437041713911391,2.34913056171284
BGLR,M10.G.P.W-Int,DAP,CV1,5,0.437399388312999,2.34727213008761
BGLR,M10.G.P.W-Int,DAP,CV1,6,0.43827868088949,2.34805232042521
BGLR,M10.G.P.W-Int,DAP,CV1,7,0.445092933616027,2.3469312924076
BGLR,M10.G.P.W-Int,DAP,CV1,8,0.439988934231256,2.34900374006033
BGLR,M10.G.P.W-Int,DAP,CV1,9,0.445973878384707,2.34741716345842
BGLR,M10.G.P.W-Int,DAP,CV1,10,0.439446182525727,2.35128993051237
BGLR,M10.G.P.W-Int,DAP,CV2,1,0.523484384154713,2.2740264399506
BGLR,M10.G.P.W-Int,DAP,CV2,2,0.523254330088312,2.27426442991097
BGLR,M10.G.P.W-Int,DAP,CV2,3,0.523718380251287,2.27394964859609
BGLR,M10.G.P.W-Int,DAP,CV2,4,0.523291881944022,2.27402863079064
BGLR,M10.G.P.W-Int,DAP,CV2,5,0.522658297662426,2.27456641594164
BGLR,M10.G.P.W-Int,DAP,CV2,6,0.523481596556791,2.27430077846147
BGLR,M10.G.P.W-Int,DAP,CV2,7,0.523234984775389,2.27465252153377
BGLR,M10.G.P.W-Int,DAP,CV2,8,0.522352112838057,2.27457160011233
BGLR,M10.G.P.W-Int,DAP,CV2,9,0.523879020402112,2.2739454126109
BGLR,M10.G.P.W-Int,DAP,CV2,10,0.523555200766375,2.27393702713
BGLR,M2.G,DAP,CV0,1,0.342610214631191,2.71047010354324
BGLR,M2.G,DAP,CV0,2,0.34282933230533,2.71045203870251
BGLR,M2.G,DAP,CV0,3,0.342086739957482,2.71073671858465
BGLR,M2.G,DAP,CV0,4,0.342372602911462,2.71059928313755
BGLR,M2.G,DAP,CV0,5,0.341497530020345,2.71088402999355
BGLR,M2.G,DAP,CV0,6,0.342522952244802,2.71073749621661
BGLR,M2.G,DAP,CV0,7,0.342013792059544,2.71080260721303
BGLR,M2.G,DAP,CV0,8,0.341291067431243,2.71054002112363
BGLR,M2.G,DAP,CV0,9,0.34224474125961,2.71082826031871
BGLR,M2.G,DAP,CV0,10,0.341685086048217,2.71104684288614
BGLR,M2.G,DAP,CV00,1,0.260359626158468,2.74765792721856
BGLR,M2.G,DAP,CV00,2,0.269162744110523,2.74540203937391
BGLR,M2.G,DAP,CV00,3,0.27217624786862,2.74468478566566
BGLR,M2.G,DAP,CV00,4,0.266788715324586,2.74637283325023
BGLR,M2.G,DAP,CV00,5,0.269020078380279,2.74758418920057
BGLR,M2.G,DAP,CV00,6,0.27612990146006,2.7447618729546
BGLR,M2.G,DAP,CV00,7,0.2803500835806,2.74480057482714
BGLR,M2.G,DAP,CV00,8,0.27237621692491,2.74691803163555
BGLR,M2.G,DAP,CV00,9,0.281523040391248,2.74463272615987
BGLR,M2.G,DAP,CV00,10,0.276586865003868,2.74650190826802
BGLR,M2.G,DAP,CV1,1,0.275119523806534,2.61070792300064
BGLR,M2.G,DAP,CV1,2,0.282998076107595,2.60881675999987
BGLR,M2.G,DAP,CV1,3,0.288487092108656,2.60766268064428
BGLR,M2.G,DAP,CV1,4,0.28194843508064,2.60944650210755
BGLR,M2.G,DAP,CV1,5,0.285857394137304,2.60958625060321
BGLR,M2.G,DAP,CV1,6,0.290449468201103,2.60746863406077
BGLR,M2.G,DAP,CV1,7,0.295857574831546,2.60665159045693
BGLR,M2.G,DAP,CV1,8,0.287215229181573,2.60999964684005
BGLR,M2.G,DAP,CV1,9,0.295659360378086,2.60743183851275
BGLR,M2.G,DAP,CV1,10,0.292772888274686,2.60901578777342
BGLR,M2.G,DAP,CV2,1,0.404060039743213,2.54278818144665
BGLR,M2.G,DAP,CV2,2,0.404353783325206,2.54267650014868
BGLR,M2.G,DAP,CV2,3,0.403755501630464,2.54286887160669
BGLR,M2.G,DAP,CV2,4,0.404086614510994,2.54259659773766
BGLR,M2.G,DAP,CV2,5,0.40286812104884,2.54310033681317
BGLR,M2.G,DAP,CV2,6,0.403824186448298,2.54295963064939
BGLR,M2.G,DAP,CV2,7,0.403778928243046,2.5429349325033
BGLR,M2.G,DAP,CV2,8,0.402708807933865,2.54285414473635
BGLR,M2.G,DAP,CV2,9,0.403980082496397,2.54288609733674
BGLR,M2.G,DAP,CV2,10,0.403121944449506,2.54328367248099
BGLR,M3.G-Int,DAP,CV0,1,0.347799369412633,2.72504869461487
BGLR,M3.G-Int,DAP,CV0,2,0.350363224810311,2.71935245834551
BGLR,M3.G-Int,DAP,CV0,3,0.349996985706296,2.71972144288998
BGLR,M3.G-Int,DAP,CV0,4,0.347732463391935,2.71888407445035
BGLR,M3.G-Int,DAP,CV0,5,0.345828705297103,2.71828297742074
BGLR,M3.G-Int,DAP,CV0,6,0.350530271777823,2.71256848958947
BGLR,M3.G-Int,DAP,CV0,7,0.34904492969579,2.71625361236245
BGLR,M3.G-Int,DAP,CV0,8,0.347646833470456,2.71469732967748
BGLR,M3.G-Int,DAP,CV0,9,0.346743546587777,2.72261418836698
BGLR,M3.G-Int,DAP,CV0,10,0.347068002505035,2.73314926263511
BGLR,M3.G-Int,DAP,CV00,1,0.238416111014769,2.77197568911063
BGLR,M3.G-Int,DAP,CV00,2,0.252586651565948,2.76431655066119
BGLR,M3.G-Int,DAP,CV00,3,0.255914727309021,2.76409417864954
BGLR,M3.G-Int,DAP,CV00,4,0.247782790102937,2.76484213023623
BGLR,M3.G-Int,DAP,CV00,5,0.253665635825922,2.76093003954467
BGLR,M3.G-Int,DAP,CV00,6,0.263278760871407,2.75213019294139
BGLR,M3.G-Int,DAP,CV00,7,0.2625247042111,2.75910918565284
BGLR,M3.G-Int,DAP,CV00,8,0.260734467079456,2.75927915348994
BGLR,M3.G-Int,DAP,CV00,9,0.260309097513046,2.76399066254579
BGLR,M3.G-Int,DAP,CV00,10,0.262371543445673,2.77365167827959
BGLR,M3.G-Int,DAP,CV1,1,0.339060345226728,1.86088158898976
BGLR,M3.G-Int,DAP,CV1,2,0.334585445968654,1.8619206025352
BGLR,M3.G-Int,DAP,CV1,3,0.349017908289184,1.85595573869533
BGLR,M3.G-Int,DAP,CV1,4,0.340918015215681,1.86101638716998
BGLR,M3.G-Int,DAP,CV1,5,0.354622230014961,1.85026066352512
BGLR,M3.G-Int,DAP,CV1,6,0.350517780703428,1.84994325480222
BGLR,M3.G-Int,DAP,CV1,7,0.354011266972233,1.85389706804764
BGLR,M3.G-Int,DAP,CV1,8,0.346395423890938,1.8629003259642
BGLR,M3.G-Int,DAP,CV1,9,0.347831906453867,1.85721065207616
BGLR,M3.G-Int,DAP,CV1,10,0.351039112662662,1.85897938204526
BGLR,M3.G-Int,DAP,CV2,1,0.810896656272763,1.27032182091031
BGLR,M3.G-Int,DAP,CV2,2,0.811489130143069,1.2683550961034
BGLR,M3.G-Int,DAP,CV2,3,0.811856465574643,1.26878420779425
BGLR,M3.G-Int,DAP,CV2,4,0.811989090804804,1.26814198147532
BGLR,M3.G-Int,DAP,CV2,5,0.811112088192488,1.27056039610196
BGLR,M3.G-Int,DAP,CV2,6,0.811374473647842,1.26968779566875
BGLR,M3.G-Int,DAP,CV2,7,0.811624636520156,1.26967790104404
BGLR,M3.G-Int,DAP,CV2,8,0.812523219090912,1.2671292633048
BGLR,M3.G-Int,DAP,CV2,9,0.811884425529514,1.26898020140582
BGLR,M3.G-Int,DAP,CV2,10,0.812012726969913,1.26844552293067
BGLR,M3.P-Int,DAP,CV0,1,0.273000993645711,2.94493331872304
BGLR,M3.P-Int,DAP,CV0,2,0.27242460637793,2.94541898830252
BGLR,M3.P-Int,DAP,CV0,3,0.274632329899802,2.94572193997408
BGLR,M3.P-Int,DAP,CV0,4,0.27397905871527,2.94476693961971
BGLR,M3.P-Int,DAP,CV0,5,0.273358032849811,2.94519860158672
BGLR,M3.P-Int,DAP,CV0,6,0.275619767101774,2.94428536784721
BGLR,M3.P-Int,DAP,CV0,7,0.270282542374769,2.94555770685767
BGLR,M3.P-Int,DAP,CV0,8,0.267335372565522,2.94706047585223
BGLR,M3.P-Int,DAP,CV0,9,0.273740305146844,2.94512488888091
BGLR,M3.P-Int,DAP,CV0,10,0.27400822005412,2.94601459797281
BGLR,M3.P-Int,DAP,CV00,1,0.275942612718835,2.94530537274522
BGLR,M3.P-Int,DAP,CV00,2,0.277010440626191,2.94730636130011
BGLR,M3.P-Int,DAP,CV00,3,0.288681740461162,2.94424984539903
BGLR,M3.P-Int,DAP,CV00,4,0.275504424258923,2.94645649782206
BGLR,M3.P-Int,DAP,CV00,5,0.275979544722882,2.94997084827933
BGLR,M3.P-Int,DAP,CV00,6,0.278518357235211,2.94387480733273
BGLR,M3.P-Int,DAP,CV00,7,0.275448925017807,2.94535752950452
BGLR,M3.P-Int,DAP,CV00,8,0.270530112359571,2.94752406358257
BGLR,M3.P-Int,DAP,CV00,9,0.279214652653713,2.94489068492762
BGLR,M3.P-Int,DAP,CV00,10,0.278098477607092,2.94815089504056
BGLR,M3.P-Int,DAP,CV1,1,0.397327634799845,2.8068693758114
BGLR,M3.P-Int,DAP,CV1,2,0.399225457547864,2.81274829090021
BGLR,M3.P-Int,DAP,CV1,3,0.404273718630916,2.81282018113553
BGLR,M3.P-Int,DAP,CV1,4,0.396486503037734,2.80917232043909
BGLR,M3.P-Int,DAP,CV1,5,0.393928778000816,2.81034618250501
BGLR,M3.P-Int,DAP,CV1,6,0.398533446055085,2.80727602853642
BGLR,M3.P-Int,DAP,CV1,7,0.396086082613031,2.81157244840907
BGLR,M3.P-Int,DAP,CV1,8,0.401919894294103,2.81495696951236
BGLR,M3.P-Int,DAP,CV1,9,0.406825171854096,2.81064479168951
BGLR,M3.P-Int,DAP,CV1,10,0.399248542312348,2.81220979416049
BGLR,M3.P-Int,DAP,CV2,1,0.412311795331703,2.7823972630406
BGLR,M3.P-Int,DAP,CV2,2,0.412046007794873,2.78127425720768
BGLR,M3.P-Int,DAP,CV2,3,0.412128198163727,2.78133616948966
BGLR,M3.P-Int,DAP,CV2,4,0.412315581850771,2.78179841639849
BGLR,M3.P-Int,DAP,CV2,5,0.412981114295903,2.78198294752719
BGLR,M3.P-Int,DAP,CV2,6,0.413585912333145,2.78239193603862
BGLR,M3.P-Int,DAP,CV2,7,0.412494925998306,2.7817851334655
BGLR,M3.P-Int,DAP,CV2,8,0.412227698115518,2.78118885020588
BGLR,M3.P-Int,DAP,CV2,9,0.412281520235281,2.78157990116221
BGLR,M3.P-Int,DAP,CV2,10,0.412384183319883,2.78198286835264
BGLR,M4.G.W,DAP,CV0,1,0.353531062696234,2.6081344626302
BGLR,M4.G.W,DAP,CV0,2,0.353600796248914,2.60820300827621
BGLR,M4.G.W,DAP,CV0,3,0.353131255445772,2.60845254815911
BGLR,M4.G.W,DAP,CV0,4,0.353425914012983,2.6082321118962
BGLR,M4.G.W,DAP,CV0,5,0.351987783271866,2.60851537227125
BGLR,M4.G.W,DAP,CV0,6,0.352906922603627,2.60851246540617
BGLR,M4.G.W,DAP,CV0,7,0.352675304712739,2.60862804897489
BGLR,M4.G.W,DAP,CV0,8,0.351860926573357,2.60830378847355
BGLR,M4.G.W,DAP,CV0,9,0.353270138060657,2.60847191257332
BGLR,M4.G.W,DAP,CV0,10,0.352610323508839,2.60864146288076
BGLR,M4.G.W,DAP,CV00,1,0.257446191310496,2.6451093179712
BGLR,M4.G.W,DAP,CV00,2,0.268144635465905,2.64331085197492
BGLR,M4.G.W,DAP,CV00,3,0.273430528097805,2.6422181204027
BGLR,M4.G.W,DAP,CV00,4,0.266712936770292,2.64466268463469
BGLR,M4.G.W,DAP,CV00,5,0.272019806409507,2.64366328973395
BGLR,M4.G.W,DAP,CV00,6,0.27528782389822,2.64109883294097
BGLR,M4.G.W,DAP,CV00,7,0.279729606979687,2.64113473114102
BGLR,M4.G.W,DAP,CV00,8,0.271751281094939,2.6435158718396
BGLR,M4.G.W,DAP,CV00,9,0.277942731189793,2.64132243324555
BGLR,M4.G.W,DAP,CV00,10,0.277215816326134,2.64360429392924
BGLR,M4.G.W,DAP,CV1,1,0.279532322476426,2.42966339096668
BGLR,M4.G.W,DAP,CV1,2,0.289694766255416,2.42769470196902
BGLR,M4.G.W,DAP,CV1,3,0.295916931019953,2.42576578363777
BGLR,M4.G.W,DAP,CV1,4,0.288084523361144,2.42844934845997
BGLR,M4.G.W,DAP,CV1,5,0.293109901150116,2.42809508902075
BGLR,M4.G.W,DAP,CV1,6,0.298105830816223,2.42478334075938
BGLR,M4.G.W,DAP,CV1,7,0.301846893087052,2.4246143683528
BGLR,M4.G.W,DAP,CV1,8,0.294264670584092,2.42731485407117
BGLR,M4.G.W,DAP,CV1,9,0.299583626522553,2.42514488340045
BGLR,M4.G.W,DAP,CV1,10,0.299464501441694,2.42803011930578
BGLR,M4.G.W,DAP,CV2,1,0.425248237282112,2.35961706628191
BGLR,M4.G.W,DAP,CV2,2,0.425339642673645,2.35954028760772
BGLR,M4.G.W,DAP,CV2,3,0.424803168518474,2.35989569925378
BGLR,M4.G.W,DAP,CV2,4,0.424945150931817,2.35976027118488
BGLR,M4.G.W,DAP,CV2,5,0.423567197195255,2.3602458642846
BGLR,M4.G.W,DAP,CV2,6,0.424684290050498,2.36007136941333
BGLR,M4.G.W,DAP,CV2,7,0.424870383914217,2.35985643127574
BGLR,M4.G.W,DAP,CV2,8,0.423945964356957,2.35971053912455
BGLR,M4.G.W,DAP,CV2,9,0.424805241718393,2.36000065183884
BGLR,M4.G.W,DAP,CV2,10,0.424238680505403,2.36012697871395
BGLR,M4.P.W,DAP,CV0,1,0.274032880133173,2.66213308664932
BGLR,M4.P.W,DAP,CV0,2,0.273852749786218,2.66222845272266
BGLR,M4.P.W,DAP,CV0,3,0.275029432338695,2.66211428442662
BGLR,M4.P.W,DAP,CV0,4,0.273938096597717,2.66177380851191
BGLR,M4.P.W,DAP,CV0,5,0.274240626651338,2.66177463152901
BGLR,M4.P.W,DAP,CV0,6,0.274675875114295,2.66204771632471
BGLR,M4.P.W,DAP,CV0,7,0.275105614052805,2.66163666111372
BGLR,M4.P.W,DAP,CV0,8,0.2740755025942,2.66198285151763
BGLR,M4.P.W,DAP,CV0,9,0.274078850250108,2.66195192772785
BGLR,M4.P.W,DAP,CV0,10,0.275094942081452,2.66183202610294
BGLR,M4.P.W,DAP,CV00,1,0.274651020547956,2.66205739815062
BGLR,M4.P.W,DAP,CV00,2,0.27617516235117,2.66136543891408
BGLR,M4.P.W,DAP,CV00,3,0.286261802990545,2.6616324346903
BGLR,M4.P.W,DAP,CV00,4,0.277998229310535,2.66181368210995
BGLR,M4.P.W,DAP,CV00,5,0.276422608475298,2.66285032174719
BGLR,M4.P.W,DAP,CV00,6,0.274992521587302,2.66170264877795
BGLR,M4.P.W,DAP,CV00,7,0.278154713456386,2.66249436331151
BGLR,M4.P.W,DAP,CV00,8,0.278383624377442,2.6636222842813
BGLR,M4.P.W,DAP,CV00,9,0.279412005792159,2.66169020237043
BGLR,M4.P.W,DAP,CV00,10,0.278824859352984,2.66419089189444
BGLR,M4.P.W,DAP,CV1,1,0.302107850040304,2.51144588108218
BGLR,M4.P.W,DAP,CV1,2,0.303941533489786,2.51149159801286
BGLR,M4.P.W,DAP,CV1,3,0.312418280424616,2.51076165117714
BGLR,M4.P.W,DAP,CV1,4,0.305792674295309,2.51138231285066
BGLR,M4.P.W,DAP,CV1,5,0.304452504280759,2.51243721854746
BGLR,M4.P.W,DAP,CV1,6,0.303034453611264,2.51202655757332
BGLR,M4.P.W,DAP,CV1,7,0.305222514456413,2.51276843786935
BGLR,M4.P.W,DAP,CV1,8,0.306380984792432,2.5128371216582
BGLR,M4.P.W,DAP,CV1,9,0.30911921755149,2.5114977075568
BGLR,M4.P.W,DAP,CV1,10,0.30635560271769,2.51523113912156
BGLR,M4.P.W,DAP,CV2,1,0.303428602932058,2.50917782316909
BGLR,M4.P.W,DAP,CV2,2,0.303022244341429,2.50943327131138
BGLR,M4.P.W,DAP,CV2,3,0.30324462489403,2.50965882085037
BGLR,M4.P.W,DAP,CV2,4,0.302916324059781,2.50940168975785
BGLR,M4.P.W,DAP,CV2,5,0.303079541957038,2.50933460932412
BGLR,M4.P.W,DAP,CV2,6,0.303548316097549,2.50940418127685
BGLR,M4.P.W,DAP,CV2,7,0.303415506549479,2.50925235981096
BGLR,M4.P.W,DAP,CV2,8,0.303091415736901,2.5092829561583
BGLR,M4.P.W,DAP,CV2,9,0.303261883505228,2.50925706642285
BGLR,M4.P.W,DAP,CV2,10,0.303648304420101,2.50928432722847
BGLR,M5.G.W-Int,DAP,CV0,1,0.362947561325679,2.59996405647571
BGLR,M5.G.W-Int,DAP,CV0,2,0.363201746453947,2.60037169733396
BGLR,M5.G.W-Int,DAP,CV0,3,0.362791992383322,2.60021919424781
BGLR,M5.G.W-Int,DAP,CV0,4,0.362907493741299,2.59973246012721
BGLR,M5.G.W-Int,DAP,CV0,5,0.361736557837075,2.60012025635264
BGLR,M5.G.W-Int,DAP,CV0,6,0.362587222737817,2.60042229942371
BGLR,M5.G.W-Int,DAP,CV0,7,0.362548641479543,2.60038822501059
BGLR,M5.G.W-Int,DAP,CV0,8,0.361708758403867,2.59991248556498
BGLR,M5.G.W-Int,DAP,CV0,9,0.362799143000419,2.60042011185622
BGLR,M5.G.W-Int,DAP,CV0,10,0.362517100822203,2.60044425421513
BGLR,M5.G.W-Int,DAP,CV00,1,0.264506964385631,2.63632881342081
BGLR,M5.G.W-Int,DAP,CV00,2,0.274416430472811,2.63449648680311
BGLR,M5.G.W-Int,DAP,CV00,3,0.277224226352671,2.63246711646575
BGLR,M5.G.W-Int,DAP,CV00,4,0.271967149949843,2.63639297851927
BGLR,M5.G.W-Int,DAP,CV00,5,0.28103692084277,2.63347916089142
BGLR,M5.G.W-Int,DAP,CV00,6,0.279539052767253,2.63165475989101
BGLR,M5.G.W-Int,DAP,CV00,7,0.28899124840586,2.63191092901904
BGLR,M5.G.W-Int,DAP,CV00,8,0.278664671622876,2.63402315429952
BGLR,M5.G.W-Int,DAP,CV00,9,0.281617011545655,2.63117958526711
BGLR,M5.G.W-Int,DAP,CV00,10,0.281204375572552,2.63467197547133
BGLR,M5.G.W-Int,DAP,CV1,1,0.289556938778691,2.40780279521234
BGLR,M5.G.W-Int,DAP,CV1,2,0.298897422366579,2.40642490254537
BGLR,M5.G.W-Int,DAP,CV1,3,0.303091891946628,2.40405310981802
BGLR,M5.G.W-Int,DAP,CV1,4,0.296446737916624,2.40647050249673
BGLR,M5.G.W-Int,DAP,CV1,5,0.306450739983073,2.40421166179945
BGLR,M5.G.W-Int,DAP,CV1,6,0.305211956404203,2.4032608928989
BGLR,M5.G.W-Int,DAP,CV1,7,0.315720319598466,2.40221703984383
BGLR,M5.G.W-Int,DAP,CV1,8,0.304436011603109,2.40512055684978
BGLR,M5.G.W-Int,DAP,CV1,9,0.308921095632963,2.40308444543535
BGLR,M5.G.W-Int,DAP,CV1,10,0.306764535592667,2.40722115845745
BGLR,M5.G.W-Int,DAP,CV2,1,0.469194130423771,2.30866753490781
BGLR,M5.G.W-Int,DAP,CV2,2,0.468673037914883,2.30932236350493
BGLR,M5.G.W-Int,DAP,CV2,3,0.46831492703167,2.30935978453563
BGLR,M5.G.W-Int,DAP,CV2,4,0.468053345749845,2.30945798974164
BGLR,M5.G.W-Int,DAP,CV2,5,0.467326637766618,2.30960405259211
BGLR,M5.G.W-Int,DAP,CV2,6,0.468687635531976,2.30917742247116
BGLR,M5.G.W-Int,DAP,CV2,7,0.468282859878871,2.30956525638114
BGLR,M5.G.W-Int,DAP,CV2,8,0.467537549213625,2.30910186134197
BGLR,M5.G.W-Int,DAP,CV2,9,0.46826503283724,2.30974437414966
BGLR,M5.G.W-Int,DAP,CV2,10,0.46779410150667,2.3094108244912
BGLR,M5.P.W-Int,DAP,CV0,1,0.276297992571855,2.66298868705414
BGLR,M5.P.W-Int,DAP,CV0,2,0.27633887672829,2.66292521409582
BGLR,M5.P.W-Int,DAP,CV0,3,0.27762432256469,2.66258571220699
BGLR,M5.P.W-Int,DAP,CV0,4,0.276284909131879,2.66250532589308
BGLR,M5.P.W-Int,DAP,CV0,5,0.27696241766992,2.66227145491245
BGLR,M5.P.W-Int,DAP,CV0,6,0.27734707054481,2.66256347617941
BGLR,M5.P.W-Int,DAP,CV0,7,0.278014415130102,2.66224906027463
BGLR,M5.P.W-Int,DAP,CV0,8,0.276651773841863,2.66258855144412
BGLR,M5.P.W-Int,DAP,CV0,9,0.277460161177607,2.66260810892006
BGLR,M5.P.W-Int,DAP,CV0,10,0.278443339842154,2.66240411331617
BGLR,M5.P.W-Int,DAP,CV00,1,0.27800523201473,2.66290180070456
BGLR,M5.P.W-Int,DAP,CV00,2,0.278774051865114,2.66217135438499
BGLR,M5.P.W-Int,DAP,CV00,3,0.290631815690337,2.66289631922158
BGLR,M5.P.W-Int,DAP,CV00,4,0.280285177300798,2.66369422130732
BGLR,M5.P.W-Int,DAP,CV00,5,0.278071591458296,2.664514874704
BGLR,M5.P.W-Int,DAP,CV00,6,0.277106321763345,2.66298914315599
BGLR,M5.P.W-Int,DAP,CV00,7,0.281213265981467,2.66323606424673
BGLR,M5.P.W-Int,DAP,CV00,8,0.281694054889876,2.66516624772253
BGLR,M5.P.W-Int,DAP,CV00,9,0.282279800886188,2.66270715902831
BGLR,M5.P.W-Int,DAP,CV00,10,0.281342221958606,2.66588040938157
BGLR,M5.P.W-Int,DAP,CV1,1,0.312475411414582,2.50846515390935
BGLR,M5.P.W-Int,DAP,CV1,2,0.312883878594542,2.50888287540106
BGLR,M5.P.W-Int,DAP,CV1,3,0.322359196080801,2.50884085950289
BGLR,M5.P.W-Int,DAP,CV1,4,0.314703086050948,2.50974544364295
BGLR,M5.P.W-Int,DAP,CV1,5,0.312401600793668,2.50999648751872
BGLR,M5.P.W-Int,DAP,CV1,6,0.312144834143566,2.50945256050661
BGLR,M5.P.W-Int,DAP,CV1,7,0.314411169729585,2.5105652073104
BGLR,M5.P.W-Int,DAP,CV1,8,0.316525682269193,2.50999997683096
BGLR,M5.P.W-Int,DAP,CV1,9,0.318813078476601,2.5085717767646
BGLR,M5.P.W-Int,DAP,CV1,10,0.314579735051666,2.51321452790269
BGLR,M5.P.W-Int,DAP,CV2,1,0.314029287606861,2.50497628298418
BGLR,M5.P.W-Int,DAP,CV2,2,0.313178137989402,2.505463487457
BGLR,M5.P.W-Int,DAP,CV2,3,0.31414622277972,2.50530521792012
BGLR,M5.P.W-Int,DAP,CV2,4,0.314163047432774,2.50492719230782
BGLR,M5.P.W-Int,DAP,CV2,5,0.313938974851907,2.50501347443739
BGLR,M5.P.W-Int,DAP,CV2,6,0.31394051736571,2.50522980197119
BGLR,M5.P.W-Int,DAP,CV2,7,0.314517942989015,2.50489426521863
BGLR,M5.P.W-Int,DAP,CV2,8,0.313810098590263,2.50505428932056
BGLR,M5.P.W-Int,DAP,CV2,9,0.314088127771503,2.50512439762861
BGLR,M5.P.W-Int,DAP,CV2,10,0.314685609403775,2.50484004539377
BGLR,M6.G.P,DAP,CV0,1,0.425101282389575,2.66136785376219
BGLR,M6.G.P,DAP,CV0,2,0.424487118709234,2.66164682908602
BGLR,M6.G.P,DAP,CV0,3,0.42467410254846,2.66137422626621
BGLR,M6.G.P,DAP,CV0,4,0.424018130921817,2.66146202438364
BGLR,M6.G.P,DAP,CV0,5,0.4246964449706,2.66096401083625
BGLR,M6.G.P,DAP,CV0,6,0.425277212596115,2.66107380522039
BGLR,M6.G.P,DAP,CV0,7,0.424787220340772,2.6613636700042
BGLR,M6.G.P,DAP,CV0,8,0.424457495986379,2.66118978037341
BGLR,M6.G.P,DAP,CV0,9,0.424984202597585,2.66113659773903
BGLR,M6.G.P,DAP,CV0,10,0.424736791445685,2.66134185053586
BGLR,M6.G.P,DAP,CV00,1,0.397361002212847,2.68101367751891
BGLR,M6.G.P,DAP,CV00,2,0.398668787533924,2.679754018408
BGLR,M6.G.P,DAP,CV00,3,0.406883653153099,2.67925822041109
BGLR,M6.G.P,DAP,CV00,4,0.396915689796832,2.68175408088845
BGLR,M6.G.P,DAP,CV00,5,0.397806600855334,2.68169147881827
BGLR,M6.G.P,DAP,CV00,6,0.400573173172281,2.68159209722983
BGLR,M6.G.P,DAP,CV00,7,0.405140858869669,2.67987226725056
BGLR,M6.G.P,DAP,CV00,8,0.401268426864553,2.68213232786532
BGLR,M6.G.P,DAP,CV00,9,0.407771919895501,2.68043791764097
BGLR,M6.G.P,DAP,CV00,10,0.399501079156796,2.68093032859735
BGLR,M6.G.P,DAP,CV1,1,0.419841618661926,2.53586528679208
BGLR,M6.G.P,DAP,CV1,2,0.420623897191526,2.53539297753505
BGLR,M6.G.P,DAP,CV1,3,0.428462738063877,2.53384382647709
BGLR,M6.G.P,DAP,CV1,4,0.420049675694325,2.53603812941326
BGLR,M6.G.P,DAP,CV1,5,0.419730953520188,2.53626620141167
BGLR,M6.G.P,DAP,CV1,6,0.422622142407557,2.53675678059714
BGLR,M6.G.P,DAP,CV1,7,0.427121347370432,2.53490959331469
BGLR,M6.G.P,DAP,CV1,8,0.423979208142641,2.53698130975629
BGLR,M6.G.P,DAP,CV1,9,0.430186133502908,2.5355846150928
BGLR,M6.G.P,DAP,CV1,10,0.422362610523424,2.5362608149324
BGLR,M6.G.P,DAP,CV2,1,0.469367854043147,2.49725432344152
BGLR,M6.G.P,DAP,CV2,2,0.468687880719249,2.49750607839607
BGLR,M6.G.P,DAP,CV2,3,0.468981008589654,2.49737117214229
BGLR,M6.G.P,DAP,CV2,4,0.468725431897176,2.49723711782894
BGLR,M6.G.P,DAP,CV2,5,0.468687347678697,2.49728972708548
BGLR,M6.G.P,DAP,CV2,6,0.469365610101373,2.49718196964868
BGLR,M6.G.P,DAP,CV2,7,0.468954692080977,2.4974160721126
BGLR,M6.G.P,DAP,CV2,8,0.468480824821151,2.49734044083927
BGLR,M6.G.P,DAP,CV2,9,0.469151562924414,2.49727045064645
BGLR,M6.G.P,DAP,CV2,10,0.468795661335025,2.49747985897672
BGLR,M7.G.P,DAP,CV0,1,0.428254783983705,2.65822353563951
BGLR,M7.G.P,DAP,CV0,2,0.427759025321837,2.65842557548276
BGLR,M7.G.P,DAP,CV0,3,0.427958957613859,2.65842635996957
BGLR,M7.G.P,DAP,CV0,4,0.427432750736119,2.65840224808411
BGLR,M7.G.P,DAP,CV0,5,0.427508374988863,2.65816837672695
BGLR,M7.G.P,DAP,CV0,6,0.428339179264805,2.65798303003355
BGLR,M7.G.P,DAP,CV0,7,0.428071088003297,2.65814493864313
BGLR,M7.G.P,DAP,CV0,8,0.427511015693278,2.65824290442521
BGLR,M7.G.P,DAP,CV0,9,0.428162693206147,2.65828145226564
BGLR,M7.G.P,DAP,CV0,10,0.427618146142959,2.65850442421206
BGLR,M7.G.P,DAP,CV00,1,0.398982526239708,2.67980931525247
BGLR,M7.G.P,DAP,CV00,2,0.399757650496786,2.67829850282255
BGLR,M7.G.P,DAP,CV00,3,0.408519432702453,2.67780468050655
BGLR,M7.G.P,DAP,CV00,4,0.398783623768552,2.6804492531458
BGLR,M7.G.P,DAP,CV00,5,0.400349213522318,2.67967517797737
BGLR,M7.G.P,DAP,CV00,6,0.402382028366894,2.67975558230495
BGLR,M7.G.P,DAP,CV00,7,0.407833649716953,2.67876888668186
BGLR,M7.G.P,DAP,CV00,8,0.403475952776651,2.68021113850363
BGLR,M7.G.P,DAP,CV00,9,0.410223167860462,2.67902486334285
BGLR,M7.G.P,DAP,CV00,10,0.402033072144416,2.67955270143986
BGLR,M7.G.P,DAP,CV1,1,0.422117844025719,2.53478875785885
BGLR,M7.G.P,DAP,CV1,2,0.423429612855677,2.5336108670649
BGLR,M7.G.P,DAP,CV1,3,0.4306096617265,2.53253628679292
BGLR,M7.G.P,DAP,CV1,4,0.422863181712146,2.5349324481796
BGLR,M7.G.P,DAP,CV1,5,0.423139613098111,2.53380553844745
BGLR,M7.G.P,DAP,CV1,6,0.426110341781803,2.53420784512128
BGLR,M7.G.P,DAP,CV1,7,0.430983316945454,2.53337183047132
BGLR,M7.G.P,DAP,CV1,8,0.426547515228156,2.53553908796091
BGLR,M7.G.P,DAP,CV1,9,0.432726582166226,2.53410195635933
BGLR,M7.G.P,DAP,CV1,10,0.426054032560568,2.53436255109774
BGLR,M7.G.P,DAP,CV2,1,0.481075431154665,2.48618358727004
BGLR,M7.G.P,DAP,CV2,2,0.480312406188774,2.48640525283193
BGLR,M7.G.P,DAP,CV2,3,0.480733549359765,2.48622689564013
BGLR,M7.G.P,DAP,CV2,4,0.480421871386163,2.48628313656432
BGLR,M7.G.P,DAP,CV2,5,0.48002711991253,2.48648938562612
BGLR,M7.G.P,DAP,CV2,6,0.480899994311348,2.48623767632044
BGLR,M7.G.P,DAP,CV2,7,0.480861307051349,2.48624344736101
BGLR,M7.G.P,DAP,CV2,8,0.48015431449893,2.48615203286599
BGLR,M7.G.P,DAP,CV2,9,0.48057976456007,2.48641851085777
BGLR,M7.G.P,DAP,CV2,10,0.480320704871547,2.48673498974871
BGLR,M8.G.P-Int,DAP,CV0,1,0.422827290519498,2.67874233958439
BGLR,M8.G.P-Int,DAP,CV0,2,0.422002135678813,2.687791031818
BGLR,M8.G.P-Int,DAP,CV0,3,0.425200892321348,2.67553043114675
BGLR,M8.G.P-Int,DAP,CV0,4,0.421414522297415,2.68275126422948
BGLR,M8.G.P-Int,DAP,CV0,5,0.422818436819898,2.67917883604154
BGLR,M8.G.P-Int,DAP,CV0,6,0.422892173897462,2.68264424730048
BGLR,M8.G.P-Int,DAP,CV0,7,0.42423459547938,2.67681193623143
BGLR,M8.G.P-Int,DAP,CV0,8,0.421046106437331,2.68418434059541
BGLR,M8.G.P-Int,DAP,CV0,9,0.421087584592755,2.68356597877824
BGLR,M8.G.P-Int,DAP,CV0,10,0.423604520142237,2.67623896354422
BGLR,M8.G.P-Int,DAP,CV00,1,0.374683807304978,2.70693699730975
BGLR,M8.G.P-Int,DAP,CV00,2,0.375571739051079,2.7144755007982
BGLR,M8.G.P-Int,DAP,CV00,3,0.38494597766317,2.70055640633172
BGLR,M8.G.P-Int,DAP,CV00,4,0.373187993828817,2.71179329280561
BGLR,M8.G.P-Int,DAP,CV00,5,0.380058133644833,2.70643846155997
BGLR,M8.G.P-Int,DAP,CV00,6,0.379499165073505,2.7095134928668
BGLR,M8.G.P-Int,DAP,CV00,7,0.389133352737292,2.69768309546829
BGLR,M8.G.P-Int,DAP,CV00,8,0.380121463664532,2.71211635017381
BGLR,M8.G.P-Int,DAP,CV00,9,0.385266208335218,2.70897457878769
BGLR,M8.G.P-Int,DAP,CV00,10,0.380782883886296,2.70363411355338
BGLR,M8.G.P-Int,DAP,CV1,1,0.484044053017663,1.76039022071028
BGLR,M8.G.P-Int,DAP,CV1,2,0.485780503566353,1.75785947531774
BGLR,M8.G.P-Int,DAP,CV1,3,0.488925231507455,1.75968697887409
BGLR,M8.G.P-Int,DAP,CV1,4,0.486206289056711,1.76135039651436
BGLR,M8.G.P-Int,DAP,CV1,5,0.491096535029654,1.75634293196721
BGLR,M8.G.P-Int,DAP,CV1,6,0.488089077245904,1.75525281001329
BGLR,M8.G.P-Int,DAP,CV1,7,0.491805758753916,1.75662466475677
BGLR,M8.G.P-Int,DAP,CV1,8,0.486868270210178,1.76466945594909
BGLR,M8.G.P-Int,DAP,CV1,9,0.493940683101235,1.7600186889696
BGLR,M8.G.P-Int,DAP,CV1,10,0.49384771751056,1.75909644703478
BGLR,M8.G.P-Int,DAP,CV2,1,0.820281774927015,1.22757939433155
BGLR,M8.G.P-Int,DAP,CV2,2,0.819842772327076,1.22822900609022
BGLR,M8.G.P-Int,DAP,CV2,3,0.820809567441971,1.22678464898706
BGLR,M8.G.P-Int,DAP,CV2,4,0.821067031751892,1.22584139328173
BGLR,M8.G.P-Int,DAP,CV2,5,0.820397117427624,1.22738971389003
BGLR,M8.G.P-Int,DAP,CV2,6,0.820704576152096,1.22706550076286
BGLR,M8.G.P-Int,DAP,CV2,7,0.820644321581353,1.22717172951883
BGLR,M8.G.P-Int,DAP,CV2,8,0.821775725844952,1.2240863231106
BGLR,M8.G.P-Int,DAP,CV2,9,0.820412786705131,1.22766675084693
BGLR,M8.G.P-Int,DAP,CV2,10,0.820487367189232,1.22735788599955
BGLR,M9.G.P.W,DAP,CV0,1,0.432157512000053,2.57707240317494
BGLR,M9.G.P.W,DAP,CV0,2,0.431736091087958,2.57719857440797
BGLR,M9.G.P.W,DAP,CV0,3,0.432044870058881,2.57723768810148
BGLR,M9.G.P.W,DAP,CV0,4,0.431234993846784,2.5770858668809
BGLR,M9.G.P.W,DAP,CV0,5,0.431630204231572,2.57698533343403
BGLR,M9.G.P.W,DAP,CV0,6,0.432570151564731,2.57678522564455
BGLR,M9.G.P.W,DAP,CV0,7,0.431811666663553,2.57730926261738
BGLR,M9.G.P.W,DAP,CV0,8,0.431369041757973,2.57691934208996
BGLR,M9.G.P.W,DAP,CV0,9,0.431837184909275,2.57741931944163
BGLR,M9.G.P.W,DAP,CV0,10,0.43175002823516,2.57729550508407
BGLR,M9.G.P.W,DAP,CV00,1,0.398054026006273,2.59765631820793
BGLR,M9.G.P.W,DAP,CV00,2,0.399985725907532,2.59619782673125
BGLR,M9.G.P.W,DAP,CV00,3,0.409321958534073,2.59597825889706
BGLR,M9.G.P.W,DAP,CV00,4,0.398549978041169,2.59871784723531
BGLR,M9.G.P.W,DAP,CV00,5,0.401328587126022,2.59744475875192
BGLR,M9.G.P.W,DAP,CV00,6,0.40321859223997,2.59650622332533
BGLR,M9.G.P.W,DAP,CV00,7,0.407479821777686,2.59612234007447
BGLR,M9.G.P.W,DAP,CV00,8,0.402971224463863,2.5981617302657
BGLR,M9.G.P.W,DAP,CV00,9,0.409201605149994,2.59652496279653
BGLR,M9.G.P.W,DAP,CV00,10,0.402751903001709,2.5981283600616
BGLR,M9.G.P.W,DAP,CV1,1,0.42974673316304,2.36501753222377
BGLR,M9.G.P.W,DAP,CV1,2,0.430988120057043,2.3640803150734
BGLR,M9.G.P.W,DAP,CV1,3,0.438699749115413,2.36291406027368
BGLR,M9.G.P.W,DAP,CV1,4,0.430482927037176,2.36534828458014
BGLR,M9.G.P.W,DAP,CV1,5,0.431615932364282,2.36463354151688
BGLR,M9.G.P.W,DAP,CV1,6,0.433995332593683,2.36414650833522
BGLR,M9.G.P.W,DAP,CV1,7,0.438493044720101,2.36319241104321
BGLR,M9.G.P.W,DAP,CV1,8,0.433709044265597,2.36545818595985
BGLR,M9.G.P.W,DAP,CV1,9,0.439339719391111,2.36384621012085
BGLR,M9.G.P.W,DAP,CV1,10,0.434601781118255,2.36576205546646
BGLR,M9.G.P.W,DAP,CV2,1,0.493899794428336,2.31695726387876
BGLR,M9.G.P.W,DAP,CV2,2,0.493110595378632,2.31734721812609
BGLR,M9.G.P.W,DAP,CV2,3,0.493512170461875,2.31723089621398
BGLR,M9.G.P.W,DAP,CV2,4,0.493379992237281,2.31695812395463
BGLR,M9.G.P.W,DAP,CV2,5,0.492979076913903,2.31724912022458
BGLR,M9.G.P.W,DAP,CV2,6,0.493771630913829,2.31708355201914
BGLR,M9.G.P.W,DAP,CV2,7,0.493420359488766,2.31733677499019
BGLR,M9.G.P.W,DAP,CV2,8,0.492673136807778,2.31724683151124
BGLR,M9.G.P.W,DAP,CV2,9,0.493345226336317,2.31729113965976
BGLR,M9.G.P.W,DAP,CV2,10,0.493247790276132,2.31729863074838
TNP,VI+genomic,DAP,CV0,1,0.362713935554063,2.70743817072687
TNP,VI+genomic,DAP,CV0,2,0.343618977713453,2.49807122591658
TNP,VI+genomic,DAP,CV0,3,0.369527178911854,2.59649181941102
TNP,VI+genomic,DAP,CV0,4,0.35595552744635,2.53893744850839
TNP,VI+genomic,DAP,CV0,5,0.330392761632059,2.61932473591816
TNP,VI+genomic,DAP,CV00,1,0.305041812135824,2.74090421495953
TNP,VI+genomic,DAP,CV00,2,0.289904914438885,2.54484211355405
TNP,VI+genomic,DAP,CV00,3,0.342738823138017,2.61548983062197
TNP,VI+genomic,DAP,CV00,4,0.313032174116227,2.56520774283489
TNP,VI+genomic,DAP,CV00,5,0.294603561553697,2.64515152101542
TNP,VI+genomic,DAP,CV1,1,0.519367963315116,1.72958851274726
TNP,VI+genomic,DAP,CV1,2,0.500837204599387,1.75552172536597
TNP,VI+genomic,DAP,CV1,3,0.510810754616059,1.73367598999203
TNP,VI+genomic,DAP,CV1,4,0.503289933752586,1.73611357730102
TNP,VI+genomic,DAP,CV1,5,0.508625283741684,1.72818328770008
TNP,VI+genomic,DAP,CV2,1,0.621809377805577,1.59467050736673
TNP,VI+genomic,DAP,CV2,2,0.615427880096967,1.61707094219077
TNP,VI+genomic,DAP,CV2,3,0.602028324081901,1.62800685161981
TNP,VI+genomic,DAP,CV2,4,0.608441666473963,1.61169443314266
TNP,VI+genomic,DAP,CV2,5,0.617831032408608,1.59598225494478
TNP,VI+genomic+weather,DAP,CV0,1,0.338415883838405,2.63637789215702
TNP,VI+genomic+weather,DAP,CV0,2,0.342255400957447,2.51136939022717
TNP,VI+genomic+weather,DAP,CV0,3,0.396090720039877,2.52553967520114
TNP,VI+genomic+weather,DAP,CV0,4,0.360531142518231,2.64528931886302
TNP,VI+genomic+weather,DAP,CV0,5,0.356883487876825,2.61467760092498
TNP,VI+genomic+weather,DAP,CV00,1,0.301402368971886,2.66179906441393
TNP,VI+genomic+weather,DAP,CV00,2,0.304945048767023,2.53546006069011
TNP,VI+genomic+weather,DAP,CV00,3,0.371834732212888,2.54748440241027
TNP,VI+genomic+weather,DAP,CV00,4,0.325130383733466,2.67250931837318
TNP,VI+genomic+weather,DAP,CV00,5,0.331230495789753,2.62954276980305
TNP,VI+genomic+weather,DAP,CV1,1,0.509551582417962,1.74379676934247
TNP,VI+genomic+weather,DAP,CV1,2,0.513302734926629,1.73647297941956
TNP,VI+genomic+weather,DAP,CV1,3,0.516721996879482,1.72655099181704
TNP,VI+genomic+weather,DAP,CV1,4,0.513255760869635,1.74817088744246
TNP,VI+genomic+weather,DAP,CV1,5,0.506897321522313,1.73171256339236
TNP,VI+genomic+weather,DAP,CV2,1,0.590242693974054,1.65495686590658
TNP,VI+genomic+weather,DAP,CV2,2,0.593209790406695,1.64137426097483
TNP,VI+genomic+weather,DAP,CV2,3,0.608815682611138,1.62336149980895
TNP,VI+genomic+weather,DAP,CV2,4,0.624414957761472,1.60218438714619
TNP,VI+genomic+weather,DAP,CV2,5,0.570996453956841,1.67217449257943
TNP,VI-only,DAP,CV0,1,0.23796857457836,2.73506657153188
TNP,VI-only,DAP,CV0,2,0.268343792679897,2.91246908035573
TNP,VI-only,DAP,CV0,3,0.202907919145833,2.51126728971153
TNP,VI-only,DAP,CV0,4,0.234703016594102,2.76028791210615
TNP,VI-only,DAP,CV0,5,0.255727289109508,2.69265100148494
TNP,VI-only,DAP,CV00,1,0.23137047832952,2.73569674959969
TNP,VI-only,DAP,CV00,2,0.256352994288452,2.91386377502798
TNP,VI-only,DAP,CV00,3,0.205894106610245,2.5082682550269
TNP,VI-only,DAP,CV00,4,0.251365906868346,2.7546545077005
TNP,VI-only,DAP,CV00,5,0.256522003363398,2.7030030336636
TNP,VI-only,DAP,CV1,1,0.498459663840922,1.74275527329504
TNP,VI-only,DAP,CV1,2,0.496708596178696,1.75113037872708
TNP,VI-only,DAP,CV1,3,0.503930784605281,1.73895274794992
TNP,VI-only,DAP,CV1,4,0.481391453547234,1.7474294151607
TNP,VI-only,DAP,CV1,5,0.473928511808427,1.76251143265833
TNP,VI-only,DAP,CV2,1,0.55287837164233,1.67840481633555
TNP,VI-only,DAP,CV2,2,0.56565932752221,1.67804158564488
TNP,VI-only,DAP,CV2,3,0.560891767253031,1.67619795984677
TNP,VI-only,DAP,CV2,4,0.545697298304857,1.68586362435902
TNP,VI-only,DAP,CV2,5,0.517952143799636,1.72022722367331
