"Domain","Vegetation.Index","FPC","FPC_ID","N","N_complete","Cor","Status"
"DAP","BCC","FPC1","FPC1_BCC",10109,10109,-0.349098233417365,"ok"
"DAP","BCC","FPC2","FPC2_BCC",10109,10109,-0.0417383451839972,"ok"
"DAP","BCC","FPC3","FPC3_BCC",10109,10109,-0.284791683090799,"ok"
"DAP","BCC","FPC4","FPC4_BCC",10109,10109,0.305003297968347,"ok"
"DAP","BCC","FPC5","FPC5_BCC",10109,10109,-0.329290949852467,"ok"
"DAP","BGI","FPC1","FPC1_BGI",10109,10109,-0.33597290467574,"ok"
"DAP","BGI","FPC2","FPC2_BGI",10109,10109,-0.0318508076379228,"ok"
"DAP","BGI","FPC3","FPC3_BGI",10109,10109,-0.220667227562844,"ok"
"DAP","BGI","FPC4","FPC4_BGI",10109,10109,-0.151722278968588,"ok"
"DAP","BGI","FPC5","FPC5_BGI",10109,10109,-0.178375464774036,"ok"
"DAP","BGI_new","FPC1","FPC1_BGI_new",10109,10109,-0.335972832043799,"ok"
"DAP","BGI_new","FPC2","FPC2_BGI_new",10109,10109,-0.0318507869672486,"ok"
"DAP","BGI_new","FPC3","FPC3_BGI_new",10109,10109,-0.220667245228013,"ok"
"DAP","BGI_new","FPC4","FPC4_BGI_new",10109,10109,-0.151722225327241,"ok"
"DAP","BGI_new","FPC5","FPC5_BGI_new",10109,10109,-0.178375485116254,"ok"
"DAP","BI","FPC1","FPC1_BI",10109,10109,-0.500388261557229,"ok"
"DAP","BI","FPC2","FPC2_BI",10109,10109,-0.159067393173249,"ok"
"DAP","BI","FPC3","FPC3_BI",10109,10109,0.107742501095766,"ok"
"DAP","BI","FPC4","FPC4_BI",10109,10109,-0.0745275514630201,"ok"
"DAP","BI","FPC5","FPC5_BI",10109,10109,-0.245421544645277,"ok"
"DAP","BI_new","FPC1","FPC1_BI_new",10109,10109,-0.550732642037086,"ok"
"DAP","BI_new","FPC2","FPC2_BI_new",10109,10109,-0.46868926938375,"ok"
"DAP","BI_new","FPC3","FPC3_BI_new",10109,10109,0.036311046922604,"ok"
"DAP","BI_new","FPC4","FPC4_BI_new",10109,10109,-0.213165510583755,"ok"
"DAP","BI_new","FPC5","FPC5_BI_new",10109,10109,-0.341682937007044,"ok"
"DAP","CIVE","FPC1","FPC1_CIVE",10109,10109,0.427707907772217,"ok"
"DAP","CIVE","FPC2","FPC2_CIVE",10109,10109,0.314604907903099,"ok"
"DAP","CIVE","FPC3","FPC3_CIVE",10109,10109,0.264591166470547,"ok"
"DAP","CIVE","FPC4","FPC4_CIVE",10109,10109,0.333052782367381,"ok"
"DAP","CIVE","FPC5","FPC5_CIVE",10109,10109,-0.186541496298766,"ok"
"DAP","COM1","FPC1","FPC1_COM1",10109,10109,0.360808994755493,"ok"
"DAP","COM1","FPC2","FPC2_COM1",10109,10109,0.354095788636778,"ok"
"DAP","COM1","FPC3","FPC3_COM1",10109,10109,0.271008116879239,"ok"
"DAP","COM1","FPC4","FPC4_COM1",10109,10109,-0.0827712526835635,"ok"
"DAP","COM1","FPC5","FPC5_COM1",10109,10109,-0.0136742702498146,"ok"
"DAP","COM2","FPC1","FPC1_COM2",10109,10109,0.345528381746164,"ok"
"DAP","COM2","FPC2","FPC2_COM2",10109,10109,0.539010841667977,"ok"
"DAP","COM2","FPC3","FPC3_COM2",10109,10109,0.175356060012219,"ok"
"DAP","COM2","FPC4","FPC4_COM2",10109,10109,0.200165026165143,"ok"
"DAP","COM2","FPC5","FPC5_COM2",10109,10109,0.210242464107392,"ok"
"DAP","EXR","FPC1","FPC1_EXR",10109,10109,-0.536297655647996,"ok"
"DAP","EXR","FPC2","FPC2_EXR",10109,10109,-0.494261960609798,"ok"
"DAP","EXR","FPC3","FPC3_EXR",10109,10109,-0.0253670355865697,"ok"
"DAP","EXR","FPC4","FPC4_EXR",10109,10109,-0.16746376413294,"ok"
"DAP","EXR","FPC5","FPC5_EXR",10109,10109,-0.202858095975875,"ok"
"DAP","ExG","FPC1","FPC1_ExG",10109,10109,-0.455434067872931,"ok"
"DAP","ExG","FPC2","FPC2_ExG",10109,10109,-0.335155173062884,"ok"
"DAP","ExG","FPC3","FPC3_ExG",10109,10109,0.147272621504407,"ok"
"DAP","ExG","FPC4","FPC4_ExG",10109,10109,-0.376656809397163,"ok"
"DAP","ExG","FPC5","FPC5_ExG",10109,10109,0.19489753333126,"ok"
"DAP","ExG2","FPC1","FPC1_ExG2",10109,10109,0.552684179362221,"ok"
"DAP","ExG2","FPC2","FPC2_ExG2",10109,10109,0.482990315607015,"ok"
"DAP","ExG2","FPC3","FPC3_ExG2",10109,10109,0.155018809033396,"ok"
"DAP","ExG2","FPC4","FPC4_ExG2",10109,10109,-0.00594459445633815,"ok"
"DAP","ExG2","FPC5","FPC5_ExG2",10109,10109,0.0533267462728647,"ok"
"DAP","ExGR","FPC1","FPC1_ExGR",10109,10109,0.34117422941735,"ok"
"DAP","ExGR","FPC2","FPC2_ExGR",10109,10109,0.174944786346989,"ok"
"DAP","ExGR","FPC3","FPC3_ExGR",10109,10109,0.080218324568148,"ok"
"DAP","ExGR","FPC4","FPC4_ExGR",10109,10109,-0.157398836114123,"ok"
"DAP","ExGR","FPC5","FPC5_ExGR",10109,10109,0.155022274149619,"ok"
"DAP","GCC","FPC1","FPC1_GCC",10109,10109,0.552684105098647,"ok"
"DAP","GCC","FPC2","FPC2_GCC",10109,10109,0.482990386189512,"ok"
"DAP","GCC","FPC3","FPC3_GCC",10109,10109,0.155018799980685,"ok"
"DAP","GCC","FPC4","FPC4_GCC",10109,10109,-0.00594455948562748,"ok"
"DAP","GCC","FPC5","FPC5_GCC",10109,10109,0.0533268280295374,"ok"
"DAP","GLI","FPC1","FPC1_GLI",10109,10109,0.551804790255992,"ok"
"DAP","GLI","FPC2","FPC2_GLI",10109,10109,0.465074172856218,"ok"
"DAP","GLI","FPC3","FPC3_GLI",10109,10109,0.118080117402998,"ok"
"DAP","GLI","FPC4","FPC4_GLI",10109,10109,-0.0164980853662836,"ok"
"DAP","GLI","FPC5","FPC5_GLI",10109,10109,0.0231076810553308,"ok"
"DAP","GLI_new","FPC1","FPC1_GLI_new",10109,10109,0.551804801163426,"ok"
"DAP","GLI_new","FPC2","FPC2_GLI_new",10109,10109,0.46507416567867,"ok"
"DAP","GLI_new","FPC3","FPC3_GLI_new",10109,10109,0.118080063279158,"ok"
"DAP","GLI_new","FPC4","FPC4_GLI_new",10109,10109,-0.0164980878361171,"ok"
"DAP","GLI_new","FPC5","FPC5_GLI_new",10109,10109,0.023107733809574,"ok"
"DAP","GdivB","FPC1","FPC1_GdivB",10109,10109,0.331902874084439,"ok"
"DAP","GdivB","FPC2","FPC2_GdivB",10109,10109,0.177540081569909,"ok"
"DAP","GdivB","FPC3","FPC3_GdivB",10109,10109,0.216890066321864,"ok"
"DAP","GdivB","FPC4","FPC4_GdivB",10109,10109,0.318647546664088,"ok"
"DAP","GdivB","FPC5","FPC5_GdivB",10109,10109,-0.135729725417407,"ok"
"DAP","GdivR","FPC1","FPC1_GdivR",10109,10109,0.555447894495696,"ok"
"DAP","GdivR","FPC2","FPC2_GdivR",10109,10109,-0.235770671062481,"ok"
"DAP","GdivR","FPC3","FPC3_GdivR",10109,10109,-0.463663590422977,"ok"
"DAP","GdivR","FPC4","FPC4_GdivR",10109,10109,0.032114522591093,"ok"
"DAP","GdivR","FPC5","FPC5_GdivR",10109,10109,0.265703713693874,"ok"
"DAP","GminusB","FPC1","FPC1_GminusB",10109,10109,-0.444071609459445,"ok"
"DAP","GminusB","FPC2","FPC2_GminusB",10109,10109,-0.322272515113838,"ok"
"DAP","GminusB","FPC3","FPC3_GminusB",10109,10109,-0.225349363217661,"ok"
"DAP","GminusB","FPC4","FPC4_GminusB",10109,10109,0.113722771354034,"ok"
"DAP","GminusB","FPC5","FPC5_GminusB",10109,10109,0.266830835248644,"ok"
"DAP","GminusR","FPC1","FPC1_GminusR",10109,10109,-0.192576533262205,"ok"
"DAP","GminusR","FPC2","FPC2_GminusR",10109,10109,0.0520144079659401,"ok"
"DAP","GminusR","FPC3","FPC3_GminusR",10109,10109,-0.250815958467273,"ok"
"DAP","GminusR","FPC4","FPC4_GminusR",10109,10109,0.196635528890479,"ok"
"DAP","GminusR","FPC5","FPC5_GminusR",10109,10109,0.0513514034936364,"ok"
"DAP","MExG","FPC1","FPC1_MExG",10109,10109,-0.463115525152955,"ok"
"DAP","MExG","FPC2","FPC2_MExG",10109,10109,-0.212256375002733,"ok"
"DAP","MExG","FPC3","FPC3_MExG",10109,10109,-0.235348301563044,"ok"
"DAP","MExG","FPC4","FPC4_MExG",10109,10109,-0.290058517937459,"ok"
"DAP","MExG","FPC5","FPC5_MExG",10109,10109,-0.297128633942774,"ok"
"DAP","MGVRI","FPC1","FPC1_MGVRI",10109,10109,0.545593759650127,"ok"
"DAP","MGVRI","FPC2","FPC2_MGVRI",10109,10109,0.267774900237336,"ok"
"DAP","MGVRI","FPC3","FPC3_MGVRI",10109,10109,-0.0627861655366132,"ok"
"DAP","MGVRI","FPC4","FPC4_MGVRI",10109,10109,0.340997476516161,"ok"
"DAP","MGVRI","FPC5","FPC5_MGVRI",10109,10109,0.390025431957969,"ok"
"DAP","MRCC","FPC1","FPC1_MRCC",10109,10109,-0.487338784416951,"ok"
"DAP","MRCC","FPC2","FPC2_MRCC",10109,10109,-0.492282838026955,"ok"
"DAP","MRCC","FPC3","FPC3_MRCC",10109,10109,0.0678313577822141,"ok"
"DAP","MRCC","FPC4","FPC4_MRCC",10109,10109,-0.0895621421389617,"ok"
"DAP","MRCC","FPC5","FPC5_MRCC",10109,10109,-0.0433914547210058,"ok"
"DAP","MSRGR","FPC1","FPC1_MSRGR",10109,10109,0.553865706723888,"ok"
"DAP","MSRGR","FPC2","FPC2_MSRGR",10109,10109,-0.246755247423282,"ok"
"DAP","MSRGR","FPC3","FPC3_MSRGR",10109,10109,-0.440755099347432,"ok"
"DAP","MSRGR","FPC4","FPC4_MSRGR",10109,10109,0.0764708910008519,"ok"
"DAP","MSRGR","FPC5","FPC5_MSRGR",10109,10109,0.346488826106358,"ok"
"DAP","NDI","FPC1","FPC1_NDI",10109,10109,0.55026188917215,"ok"
"DAP","NDI","FPC2","FPC2_NDI",10109,10109,-0.244693712836214,"ok"
"DAP","NDI","FPC3","FPC3_NDI",10109,10109,-0.261518341375728,"ok"
"DAP","NDI","FPC4","FPC4_NDI",10109,10109,-0.211160016298627,"ok"
"DAP","NDI","FPC5","FPC5_NDI",10109,10109,0.383437250517166,"ok"
"DAP","NDRBI","FPC1","FPC1_NDRBI",10109,10109,-0.264011135001264,"ok"
"DAP","NDRBI","FPC2","FPC2_NDRBI",10109,10109,0.111507271335298,"ok"
"DAP","NDRBI","FPC3","FPC3_NDRBI",10109,10109,0.318779760356153,"ok"
"DAP","NDRBI","FPC4","FPC4_NDRBI",10109,10109,0.300420642525441,"ok"
"DAP","NDRBI","FPC5","FPC5_NDRBI",10109,10109,0.261130091922593,"ok"
"DAP","NGBDI","FPC1","FPC1_NGBDI",10109,10109,0.48311989567634,"ok"
"DAP","NGBDI","FPC2","FPC2_NGBDI",10109,10109,0.096735650978853,"ok"
"DAP","NGBDI","FPC3","FPC3_NGBDI",10109,10109,0.222097854900917,"ok"
"DAP","NGBDI","FPC4","FPC4_NGBDI",10109,10109,-0.0725508155720331,"ok"
"DAP","NGBDI","FPC5","FPC5_NGBDI",10109,10109,0.255011061516266,"ok"
"DAP","NGRDI","FPC1","FPC1_NGRDI",10109,10109,0.550261871033051,"ok"
"DAP","NGRDI","FPC2","FPC2_NGRDI",10109,10109,0.244693701879459,"ok"
"DAP","NGRDI","FPC3","FPC3_NGRDI",10109,10109,0.261518238451077,"ok"
"DAP","NGRDI","FPC4","FPC4_NGRDI",10109,10109,0.211160070504389,"ok"
"DAP","NGRDI","FPC5","FPC5_NGRDI",10109,10109,0.383437228009999,"ok"
"DAP","NGRDI_new","FPC1","FPC1_NGRDI_new",10109,10109,0.550261873001598,"ok"
"DAP","NGRDI_new","FPC2","FPC2_NGRDI_new",10109,10109,0.244693717119347,"ok"
"DAP","NGRDI_new","FPC3","FPC3_NGRDI_new",10109,10109,0.261518220861049,"ok"
"DAP","NGRDI_new","FPC4","FPC4_NGRDI_new",10109,10109,0.211160071361385,"ok"
"DAP","NGRDI_new","FPC5","FPC5_NGRDI_new",10109,10109,0.383437222438788,"ok"
"DAP","NRMBI","FPC1","FPC1_NRMBI",10109,10109,-0.303830979933536,"ok"
"DAP","NRMBI","FPC2","FPC2_NRMBI",10109,10109,0.210920683821335,"ok"
"DAP","NRMBI","FPC3","FPC3_NRMBI",10109,10109,0.222917556807018,"ok"
"DAP","NRMBI","FPC4","FPC4_NRMBI",10109,10109,0.0887500063154154,"ok"
"DAP","NRMBI","FPC5","FPC5_NRMBI",10109,10109,0.147892102405785,"ok"
"DAP","RCC","FPC1","FPC1_RCC",10109,10109,-0.440751365589705,"ok"
"DAP","RCC","FPC2","FPC2_RCC",10109,10109,0.139362190926845,"ok"
"DAP","RCC","FPC3","FPC3_RCC",10109,10109,-0.00987231505346534,"ok"
"DAP","RCC","FPC4","FPC4_RCC",10109,10109,-0.14288457042315,"ok"
"DAP","RCC","FPC5","FPC5_RCC",10109,10109,0.206104844297864,"ok"
"DAP","RGBVI","FPC1","FPC1_RGBVI",10109,10109,0.525098420430623,"ok"
"DAP","RGBVI","FPC2","FPC2_RGBVI",10109,10109,0.39116267491554,"ok"
"DAP","RGBVI","FPC3","FPC3_RGBVI",10109,10109,0.0419201642214921,"ok"
"DAP","RGBVI","FPC4","FPC4_RGBVI",10109,10109,-0.00678246771200081,"ok"
"DAP","RGBVI","FPC5","FPC5_RGBVI",10109,10109,-0.0289825697257365,"ok"
"DAP","RdivB","FPC1","FPC1_RdivB",10109,10109,-0.237823898810468,"ok"
"DAP","RdivB","FPC2","FPC2_RdivB",10109,10109,0.296815543576515,"ok"
"DAP","RdivB","FPC3","FPC3_RdivB",10109,10109,0.115180392235999,"ok"
"DAP","RdivB","FPC4","FPC4_RdivB",10109,10109,0.300023618560006,"ok"
"DAP","RdivB","FPC5","FPC5_RdivB",10109,10109,0.285406155194287,"ok"
"DAP","RminusB","FPC1","FPC1_RminusB",10109,10109,-0.36292964503187,"ok"
"DAP","RminusB","FPC2","FPC2_RminusB",10109,10109,0.158780793453088,"ok"
"DAP","RminusB","FPC3","FPC3_RminusB",10109,10109,-0.00191005686803406,"ok"
"DAP","RminusB","FPC4","FPC4_RminusB",10109,10109,-0.0790689082414845,"ok"
"DAP","RminusB","FPC5","FPC5_RminusB",10109,10109,0.152363158831054,"ok"
"DAP","TGI","FPC1","FPC1_TGI",10109,10109,-0.522502509162733,"ok"
"DAP","TGI","FPC2","FPC2_TGI",10109,10109,-0.345124947965922,"ok"
"DAP","TGI","FPC3","FPC3_TGI",10109,10109,0.139228859310704,"ok"
"DAP","TGI","FPC4","FPC4_TGI",10109,10109,-0.194240595688164,"ok"
"DAP","TGI","FPC5","FPC5_TGI",10109,10109,-0.195642579835796,"ok"
"DAP","TNDGR","FPC1","FPC1_TNDGR",10109,10109,0.549303933082203,"ok"
"DAP","TNDGR","FPC2","FPC2_TNDGR",10109,10109,-0.233738628224662,"ok"
"DAP","TNDGR","FPC3","FPC3_TNDGR",10109,10109,0.0201926255930316,"ok"
"DAP","TNDGR","FPC4","FPC4_TNDGR",10109,10109,-0.300571244942971,"ok"
"DAP","TNDGR","FPC5","FPC5_TNDGR",10109,10109,0.385460916755225,"ok"
"DAP","VARI","FPC1","FPC1_VARI",10109,10109,0.545848485441489,"ok"
"DAP","VARI","FPC2","FPC2_VARI",10109,10109,0.217298268877752,"ok"
"DAP","VARI","FPC3","FPC3_VARI",10109,10109,-0.00107434774942981,"ok"
"DAP","VARI","FPC4","FPC4_VARI",10109,10109,0.295157317005584,"ok"
"DAP","VARI","FPC5","FPC5_VARI",10109,10109,0.369561318736611,"ok"
"DAP","VEG","FPC1","FPC1_VEG",10109,10109,0.560450655112672,"ok"
"DAP","VEG","FPC2","FPC2_VEG",10109,10109,0.50152955884595,"ok"
"DAP","VEG","FPC3","FPC3_VEG",10109,10109,0.300378568883053,"ok"
"DAP","VEG","FPC4","FPC4_VEG",10109,10109,-0.138991072546037,"ok"
"DAP","VEG","FPC5","FPC5_VEG",10109,10109,0.024487455767548,"ok"
"AGDD","BCC","FPC1","FPC1_BCC",10109,10109,-0.0279605252373571,"ok"
"AGDD","BCC","FPC2","FPC2_BCC",10109,10109,0.0291177140437441,"ok"
"AGDD","BCC","FPC3","FPC3_BCC",10109,10109,-0.23879370521135,"ok"
"AGDD","BCC","FPC4","FPC4_BCC",10109,10109,0.338922516544199,"ok"
"AGDD","BCC","FPC5","FPC5_BCC",10109,10109,0.171072146644037,"ok"
"AGDD","BCC","FPC6","FPC6_BCC",10109,10109,-0.34250671728877,"ok"
"AGDD","BCC","FPC7","FPC7_BCC",10109,10109,0.147584979104076,"ok"
"AGDD","BGI","FPC1","FPC1_BGI",10109,10109,-0.0411332733993409,"ok"
"AGDD","BGI","FPC2","FPC2_BGI",10109,10109,-0.120460048821348,"ok"
"AGDD","BGI","FPC3","FPC3_BGI",10109,10109,-0.136616275963378,"ok"
"AGDD","BGI","FPC4","FPC4_BGI",10109,10109,0.0169078117644181,"ok"
"AGDD","BGI","FPC5","FPC5_BGI",10109,10109,0.0821444012437962,"ok"
"AGDD","BGI","FPC6","FPC6_BGI",10109,10109,-0.183188525132021,"ok"
"AGDD","BGI","FPC7","FPC7_BGI",10109,10109,-0.0652025676796718,"ok"
"AGDD","BGI_new","FPC1","FPC1_BGI_new",10109,10109,-0.0411332835581867,"ok"
"AGDD","BGI_new","FPC2","FPC2_BGI_new",10109,10109,-0.120460037424322,"ok"
"AGDD","BGI_new","FPC3","FPC3_BGI_new",10109,10109,-0.136616283716226,"ok"
"AGDD","BGI_new","FPC4","FPC4_BGI_new",10109,10109,0.0169079282612322,"ok"
"AGDD","BGI_new","FPC5","FPC5_BGI_new",10109,10109,0.0821443693612737,"ok"
"AGDD","BGI_new","FPC6","FPC6_BGI_new",10109,10109,-0.183188505585506,"ok"
"AGDD","BGI_new","FPC7","FPC7_BGI_new",10109,10109,-0.0652024815672784,"ok"
"AGDD","BI","FPC1","FPC1_BI",10109,10109,-0.0696949570702713,"ok"
"AGDD","BI","FPC2","FPC2_BI",10109,10109,-0.0641482545493488,"ok"
"AGDD","BI","FPC3","FPC3_BI",10109,10109,0.0519691543396481,"ok"
"AGDD","BI","FPC4","FPC4_BI",10109,10109,0.0299396180962406,"ok"
"AGDD","BI","FPC5","FPC5_BI",10109,10109,-0.0149423291290756,"ok"
"AGDD","BI","FPC6","FPC6_BI",10109,10109,0.0270993325314587,"ok"
"AGDD","BI","FPC7","FPC7_BI",10109,10109,-0.0101619948511085,"ok"
"AGDD","BI_new","FPC1","FPC1_BI_new",10109,10109,-0.443300657605507,"ok"
"AGDD","BI_new","FPC2","FPC2_BI_new",10109,10109,-0.231405117563629,"ok"
"AGDD","BI_new","FPC3","FPC3_BI_new",10109,10109,-0.0440508837163812,"ok"
"AGDD","BI_new","FPC4","FPC4_BI_new",10109,10109,-0.0831340530559454,"ok"
"AGDD","BI_new","FPC5","FPC5_BI_new",10109,10109,0.182419848087863,"ok"
"AGDD","BI_new","FPC6","FPC6_BI_new",10109,10109,0.128789572903326,"ok"
"AGDD","BI_new","FPC7","FPC7_BI_new",10109,10109,-0.133985863757473,"ok"
"AGDD","CIVE","FPC1","FPC1_CIVE",10109,10109,0.297662703837485,"ok"
"AGDD","CIVE","FPC2","FPC2_CIVE",10109,10109,0.427036776764197,"ok"
"AGDD","CIVE","FPC3","FPC3_CIVE",10109,10109,0.410443343507886,"ok"
"AGDD","CIVE","FPC4","FPC4_CIVE",10109,10109,0.376052275552284,"ok"
"AGDD","CIVE","FPC5","FPC5_CIVE",10109,10109,0.104813660163633,"ok"
"AGDD","CIVE","FPC6","FPC6_CIVE",10109,10109,-0.0244763937891249,"ok"
"AGDD","CIVE","FPC7","FPC7_CIVE",10109,10109,0.0817744872077169,"ok"
"AGDD","COM1","FPC1","FPC1_COM1",10109,10109,-0.342713721255355,"ok"
"AGDD","COM1","FPC2","FPC2_COM1",10109,10109,0.113210356435597,"ok"
"AGDD","COM1","FPC3","FPC3_COM1",10109,10109,0.235755109672286,"ok"
"AGDD","COM1","FPC4","FPC4_COM1",10109,10109,-0.141969517171379,"ok"
"AGDD","COM1","FPC5","FPC5_COM1",10109,10109,0.311737799215976,"ok"
"AGDD","COM1","FPC6","FPC6_COM1",10109,10109,0.53944110930999,"ok"
"AGDD","COM1","FPC7","FPC7_COM1",10109,10109,-0.106645336147274,"ok"
"AGDD","COM2","FPC1","FPC1_COM2",10109,10109,-0.406646479202236,"ok"
"AGDD","COM2","FPC2","FPC2_COM2",10109,10109,0.377782855574942,"ok"
"AGDD","COM2","FPC3","FPC3_COM2",10109,10109,0.330318334404464,"ok"
"AGDD","COM2","FPC4","FPC4_COM2",10109,10109,-0.0464530092885577,"ok"
"AGDD","COM2","FPC5","FPC5_COM2",10109,10109,0.341444559826569,"ok"
"AGDD","COM2","FPC6","FPC6_COM2",10109,10109,0.0635165792809393,"ok"
"AGDD","COM2","FPC7","FPC7_COM2",10109,10109,0.231316926435697,"ok"
"AGDD","EXR","FPC1","FPC1_EXR",10109,10109,-0.36412952340549,"ok"
"AGDD","EXR","FPC2","FPC2_EXR",10109,10109,-0.102116662534276,"ok"
"AGDD","EXR","FPC3","FPC3_EXR",10109,10109,0.295629000587731,"ok"
"AGDD","EXR","FPC4","FPC4_EXR",10109,10109,-0.227540433640004,"ok"
"AGDD","EXR","FPC5","FPC5_EXR",10109,10109,-0.115345409536631,"ok"
"AGDD","EXR","FPC6","FPC6_EXR",10109,10109,-0.0560156976128459,"ok"
"AGDD","EXR","FPC7","FPC7_EXR",10109,10109,0.336599935302377,"ok"
"AGDD","ExG","FPC1","FPC1_ExG",10109,10109,-0.339829096478255,"ok"
"AGDD","ExG","FPC2","FPC2_ExG",10109,10109,-0.465673598551556,"ok"
"AGDD","ExG","FPC3","FPC3_ExG",10109,10109,-0.42035367195979,"ok"
"AGDD","ExG","FPC4","FPC4_ExG",10109,10109,-0.357095985435056,"ok"
"AGDD","ExG","FPC5","FPC5_ExG",10109,10109,-0.0019416862621499,"ok"
"AGDD","ExG","FPC6","FPC6_ExG",10109,10109,0.0589963407949369,"ok"
"AGDD","ExG","FPC7","FPC7_ExG",10109,10109,-0.245140183820925,"ok"
"AGDD","ExG2","FPC1","FPC1_ExG2",10109,10109,-0.491328731305834,"ok"
"AGDD","ExG2","FPC2","FPC2_ExG2",10109,10109,0.42312056745396,"ok"
"AGDD","ExG2","FPC3","FPC3_ExG2",10109,10109,0.41173272326802,"ok"
"AGDD","ExG2","FPC4","FPC4_ExG2",10109,10109,0.283332374142607,"ok"
"AGDD","ExG2","FPC5","FPC5_ExG2",10109,10109,-0.169125297639094,"ok"
"AGDD","ExG2","FPC6","FPC6_ExG2",10109,10109,0.417694160979467,"ok"
"AGDD","ExG2","FPC7","FPC7_ExG2",10109,10109,-0.188226965577371,"ok"
"AGDD","ExGR","FPC1","FPC1_ExGR",10109,10109,0.251267482830308,"ok"
"AGDD","ExGR","FPC2","FPC2_ExGR",10109,10109,-0.401041137885621,"ok"
"AGDD","ExGR","FPC3","FPC3_ExGR",10109,10109,0.17417068203735,"ok"
"AGDD","ExGR","FPC4","FPC4_ExGR",10109,10109,0.109427801216667,"ok"
"AGDD","ExGR","FPC5","FPC5_ExGR",10109,10109,-0.0149180426194673,"ok"
"AGDD","ExGR","FPC6","FPC6_ExGR",10109,10109,0.108973179545206,"ok"
"AGDD","ExGR","FPC7","FPC7_ExGR",10109,10109,0.537318137724329,"ok"
"AGDD","GCC","FPC1","FPC1_GCC",10109,10109,-0.491328362058588,"ok"
"AGDD","GCC","FPC2","FPC2_GCC",10109,10109,0.423120733598408,"ok"
"AGDD","GCC","FPC3","FPC3_GCC",10109,10109,0.411732700967112,"ok"
"AGDD","GCC","FPC4","FPC4_GCC",10109,10109,0.283332544653259,"ok"
"AGDD","GCC","FPC5","FPC5_GCC",10109,10109,-0.169125191012498,"ok"
"AGDD","GCC","FPC6","FPC6_GCC",10109,10109,-0.417694189771751,"ok"
"AGDD","GCC","FPC7","FPC7_GCC",10109,10109,0.188227069847204,"ok"
"AGDD","GLI","FPC1","FPC1_GLI",10109,10109,-0.469158162558339,"ok"
"AGDD","GLI","FPC2","FPC2_GLI",10109,10109,0.386204796173301,"ok"
"AGDD","GLI","FPC3","FPC3_GLI",10109,10109,0.402904144109045,"ok"
"AGDD","GLI","FPC4","FPC4_GLI",10109,10109,0.276773532995884,"ok"
"AGDD","GLI","FPC5","FPC5_GLI",10109,10109,-0.1475941364415,"ok"
"AGDD","GLI","FPC6","FPC6_GLI",10109,10109,0.416450509727945,"ok"
"AGDD","GLI","FPC7","FPC7_GLI",10109,10109,-0.183207548349952,"ok"
"AGDD","GLI_new","FPC1","FPC1_GLI_new",10109,10109,-0.469158183085372,"ok"
"AGDD","GLI_new","FPC2","FPC2_GLI_new",10109,10109,0.386204793081369,"ok"
"AGDD","GLI_new","FPC3","FPC3_GLI_new",10109,10109,0.402904138184384,"ok"
"AGDD","GLI_new","FPC4","FPC4_GLI_new",10109,10109,0.276773529820983,"ok"
"AGDD","GLI_new","FPC5","FPC5_GLI_new",10109,10109,-0.147594171765542,"ok"
"AGDD","GLI_new","FPC6","FPC6_GLI_new",10109,10109,0.416450503194741,"ok"
"AGDD","GLI_new","FPC7","FPC7_GLI_new",10109,10109,-0.18320748569658,"ok"
"AGDD","GdivB","FPC1","FPC1_GdivB",10109,10109,0.119678450683515,"ok"
"AGDD","GdivB","FPC2","FPC2_GdivB",10109,10109,0.0521683795357177,"ok"
"AGDD","GdivB","FPC3","FPC3_GdivB",10109,10109,0.13231034046368,"ok"
"AGDD","GdivB","FPC4","FPC4_GdivB",10109,10109,0.280263819651909,"ok"
"AGDD","GdivB","FPC5","FPC5_GdivB",10109,10109,0.122823795128158,"ok"
"AGDD","GdivB","FPC6","FPC6_GdivB",10109,10109,0.264262320456502,"ok"
"AGDD","GdivB","FPC7","FPC7_GdivB",10109,10109,0.3166935906251,"ok"
"AGDD","GdivR","FPC1","FPC1_GdivR",10109,10109,0.537140310509888,"ok"
"AGDD","GdivR","FPC2","FPC2_GdivR",10109,10109,-0.5167442110324,"ok"
"AGDD","GdivR","FPC3","FPC3_GdivR",10109,10109,0.544421290616586,"ok"
"AGDD","GdivR","FPC4","FPC4_GdivR",10109,10109,0.0648479365541373,"ok"
"AGDD","GdivR","FPC5","FPC5_GdivR",10109,10109,0.0927758443980885,"ok"
"AGDD","GdivR","FPC6","FPC6_GdivR",10109,10109,0.119766774243965,"ok"
"AGDD","GdivR","FPC7","FPC7_GdivR",10109,10109,0.0122229299200403,"ok"
"AGDD","GminusB","FPC1","FPC1_GminusB",10109,10109,0.185213337392992,"ok"
"AGDD","GminusB","FPC2","FPC2_GminusB",10109,10109,-0.445793585941672,"ok"
"AGDD","GminusB","FPC3","FPC3_GminusB",10109,10109,-0.379275963978593,"ok"
"AGDD","GminusB","FPC4","FPC4_GminusB",10109,10109,-0.28765956235044,"ok"
"AGDD","GminusB","FPC5","FPC5_GminusB",10109,10109,-0.104394061135409,"ok"
"AGDD","GminusB","FPC6","FPC6_GminusB",10109,10109,-0.1557038048289,"ok"
"AGDD","GminusB","FPC7","FPC7_GminusB",10109,10109,-0.202442210016268,"ok"
"AGDD","GminusR","FPC1","FPC1_GminusR",10109,10109,-0.196974868138191,"ok"
"AGDD","GminusR","FPC2","FPC2_GminusR",10109,10109,-0.194155249763153,"ok"
"AGDD","GminusR","FPC3","FPC3_GminusR",10109,10109,-0.210459159074785,"ok"
"AGDD","GminusR","FPC4","FPC4_GminusR",10109,10109,0.169404314694068,"ok"
"AGDD","GminusR","FPC5","FPC5_GminusR",10109,10109,0.233681892305866,"ok"
"AGDD","GminusR","FPC6","FPC6_GminusR",10109,10109,-0.221649212626131,"ok"
"AGDD","GminusR","FPC7","FPC7_GminusR",10109,10109,0.285809271918075,"ok"
"AGDD","MExG","FPC1","FPC1_MExG",10109,10109,-0.509064743872973,"ok"
"AGDD","MExG","FPC2","FPC2_MExG",10109,10109,-0.384480367911251,"ok"
"AGDD","MExG","FPC3","FPC3_MExG",10109,10109,-0.434793090585654,"ok"
"AGDD","MExG","FPC4","FPC4_MExG",10109,10109,-0.315634892001318,"ok"
"AGDD","MExG","FPC5","FPC5_MExG",10109,10109,0.175897807336326,"ok"
"AGDD","MExG","FPC6","FPC6_MExG",10109,10109,0.0682895699869317,"ok"
"AGDD","MExG","FPC7","FPC7_MExG",10109,10109,-0.0723789714075856,"ok"
"AGDD","MGVRI","FPC1","FPC1_MGVRI",10109,10109,-0.161581876510572,"ok"
"AGDD","MGVRI","FPC2","FPC2_MGVRI",10109,10109,0.524291490023426,"ok"
"AGDD","MGVRI","FPC3","FPC3_MGVRI",10109,10109,0.602478962197733,"ok"
"AGDD","MGVRI","FPC4","FPC4_MGVRI",10109,10109,0.146386959762894,"ok"
"AGDD","MGVRI","FPC5","FPC5_MGVRI",10109,10109,0.278736518874149,"ok"
"AGDD","MGVRI","FPC6","FPC6_MGVRI",10109,10109,0.169521720177451,"ok"
"AGDD","MGVRI","FPC7","FPC7_MGVRI",10109,10109,-0.0735703477335989,"ok"
"AGDD","MRCC","FPC1","FPC1_MRCC",10109,10109,-0.288456283924643,"ok"
"AGDD","MRCC","FPC2","FPC2_MRCC",10109,10109,-0.0924369629171028,"ok"
"AGDD","MRCC","FPC3","FPC3_MRCC",10109,10109,0.226630450235701,"ok"
"AGDD","MRCC","FPC4","FPC4_MRCC",10109,10109,-0.0951475735529738,"ok"
"AGDD","MRCC","FPC5","FPC5_MRCC",10109,10109,-0.334248606520103,"ok"
"AGDD","MRCC","FPC6","FPC6_MRCC",10109,10109,-0.233229788904362,"ok"
"AGDD","MRCC","FPC7","FPC7_MRCC",10109,10109,0.166180564070509,"ok"
"AGDD","MSRGR","FPC1","FPC1_MSRGR",10109,10109,0.516287186359178,"ok"
"AGDD","MSRGR","FPC2","FPC2_MSRGR",10109,10109,-0.503408260887171,"ok"
"AGDD","MSRGR","FPC3","FPC3_MSRGR",10109,10109,0.580064068653112,"ok"
"AGDD","MSRGR","FPC4","FPC4_MSRGR",10109,10109,0.106767402779875,"ok"
"AGDD","MSRGR","FPC5","FPC5_MSRGR",10109,10109,0.181415154449517,"ok"
"AGDD","MSRGR","FPC6","FPC6_MSRGR",10109,10109,0.134312145964061,"ok"
"AGDD","MSRGR","FPC7","FPC7_MSRGR",10109,10109,0.031609588461381,"ok"
"AGDD","NDI","FPC1","FPC1_NDI",10109,10109,0.399837122326296,"ok"
"AGDD","NDI","FPC2","FPC2_NDI",10109,10109,-0.544350175471858,"ok"
"AGDD","NDI","FPC3","FPC3_NDI",10109,10109,0.596589963981321,"ok"
"AGDD","NDI","FPC4","FPC4_NDI",10109,10109,0.153795706878739,"ok"
"AGDD","NDI","FPC5","FPC5_NDI",10109,10109,0.250044940374564,"ok"
"AGDD","NDI","FPC6","FPC6_NDI",10109,10109,0.152982037138535,"ok"
"AGDD","NDI","FPC7","FPC7_NDI",10109,10109,-0.0665487630510298,"ok"
"AGDD","NDRBI","FPC1","FPC1_NDRBI",10109,10109,-0.102064515100743,"ok"
"AGDD","NDRBI","FPC2","FPC2_NDRBI",10109,10109,0.452504258203578,"ok"
"AGDD","NDRBI","FPC3","FPC3_NDRBI",10109,10109,-0.0797708959253828,"ok"
"AGDD","NDRBI","FPC4","FPC4_NDRBI",10109,10109,0.107699622679521,"ok"
"AGDD","NDRBI","FPC5","FPC5_NDRBI",10109,10109,0.243400145277377,"ok"
"AGDD","NDRBI","FPC6","FPC6_NDRBI",10109,10109,0.385219922319091,"ok"
"AGDD","NDRBI","FPC7","FPC7_NDRBI",10109,10109,0.313305162905153,"ok"
"AGDD","NGBDI","FPC1","FPC1_NGBDI",10109,10109,0.0727406558983641,"ok"
"AGDD","NGBDI","FPC2","FPC2_NGBDI",10109,10109,0.0203130540296471,"ok"
"AGDD","NGBDI","FPC3","FPC3_NGBDI",10109,10109,0.138560550614612,"ok"
"AGDD","NGBDI","FPC4","FPC4_NGBDI",10109,10109,0.0707886751071619,"ok"
"AGDD","NGBDI","FPC5","FPC5_NGBDI",10109,10109,-0.096384938434711,"ok"
"AGDD","NGBDI","FPC6","FPC6_NGBDI",10109,10109,0.228889311788228,"ok"
"AGDD","NGBDI","FPC7","FPC7_NGBDI",10109,10109,-0.104956647494865,"ok"
"AGDD","NGRDI","FPC1","FPC1_NGRDI",10109,10109,0.399837141691508,"ok"
"AGDD","NGRDI","FPC2","FPC2_NGRDI",10109,10109,0.544350171061058,"ok"
"AGDD","NGRDI","FPC3","FPC3_NGRDI",10109,10109,0.596589949290197,"ok"
"AGDD","NGRDI","FPC4","FPC4_NGRDI",10109,10109,0.153795631717905,"ok"
"AGDD","NGRDI","FPC5","FPC5_NGRDI",10109,10109,0.250044949721313,"ok"
"AGDD","NGRDI","FPC6","FPC6_NGRDI",10109,10109,0.152982074676197,"ok"
"AGDD","NGRDI","FPC7","FPC7_NGRDI",10109,10109,-0.0665487341065495,"ok"
"AGDD","NGRDI_new","FPC1","FPC1_NGRDI_new",10109,10109,0.399837127523149,"ok"
"AGDD","NGRDI_new","FPC2","FPC2_NGRDI_new",10109,10109,0.54435017901559,"ok"
"AGDD","NGRDI_new","FPC3","FPC3_NGRDI_new",10109,10109,0.596589945160687,"ok"
"AGDD","NGRDI_new","FPC4","FPC4_NGRDI_new",10109,10109,0.153795643792217,"ok"
"AGDD","NGRDI_new","FPC5","FPC5_NGRDI_new",10109,10109,0.250044940547841,"ok"
"AGDD","NGRDI_new","FPC6","FPC6_NGRDI_new",10109,10109,0.152982066329441,"ok"
"AGDD","NGRDI_new","FPC7","FPC7_NGRDI_new",10109,10109,-0.0665487409877545,"ok"
"AGDD","NRMBI","FPC1","FPC1_NRMBI",10109,10109,-0.0704153291470961,"ok"
"AGDD","NRMBI","FPC2","FPC2_NRMBI",10109,10109,0.460741624658542,"ok"
"AGDD","NRMBI","FPC3","FPC3_NRMBI",10109,10109,0.118594581265395,"ok"
"AGDD","NRMBI","FPC4","FPC4_NRMBI",10109,10109,-0.0471242954279137,"ok"
"AGDD","NRMBI","FPC5","FPC5_NRMBI",10109,10109,0.302717246178102,"ok"
"AGDD","NRMBI","FPC6","FPC6_NRMBI",10109,10109,-0.143354873821178,"ok"
"AGDD","NRMBI","FPC7","FPC7_NRMBI",10109,10109,0.18949893125637,"ok"
"AGDD","RCC","FPC1","FPC1_RCC",10109,10109,-0.135526220976777,"ok"
"AGDD","RCC","FPC2","FPC2_RCC",10109,10109,-0.542498774952322,"ok"
"AGDD","RCC","FPC3","FPC3_RCC",10109,10109,-0.270879066364502,"ok"
"AGDD","RCC","FPC4","FPC4_RCC",10109,10109,-0.218596336517509,"ok"
"AGDD","RCC","FPC5","FPC5_RCC",10109,10109,0.0209233052750757,"ok"
"AGDD","RCC","FPC6","FPC6_RCC",10109,10109,0.0213371202557869,"ok"
"AGDD","RCC","FPC7","FPC7_RCC",10109,10109,-0.137815630704651,"ok"
"AGDD","RGBVI","FPC1","FPC1_RGBVI",10109,10109,-0.301532708494369,"ok"
"AGDD","RGBVI","FPC2","FPC2_RGBVI",10109,10109,0.2067476613694,"ok"
"AGDD","RGBVI","FPC3","FPC3_RGBVI",10109,10109,0.359763368186735,"ok"
"AGDD","RGBVI","FPC4","FPC4_RGBVI",10109,10109,0.190898478365527,"ok"
"AGDD","RGBVI","FPC5","FPC5_RGBVI",10109,10109,0.0528194756185428,"ok"
"AGDD","RGBVI","FPC6","FPC6_RGBVI",10109,10109,0.298766041676685,"ok"
"AGDD","RGBVI","FPC7","FPC7_RGBVI",10109,10109,-0.197592872590964,"ok"
"AGDD","RdivB","FPC1","FPC1_RdivB",10109,10109,-0.111682392127212,"ok"
"AGDD","RdivB","FPC2","FPC2_RdivB",10109,10109,0.42884322873444,"ok"
"AGDD","RdivB","FPC3","FPC3_RdivB",10109,10109,0.225872926719497,"ok"
"AGDD","RdivB","FPC4","FPC4_RdivB",10109,10109,0.369102084218914,"ok"
"AGDD","RdivB","FPC5","FPC5_RdivB",10109,10109,0.0753602847584016,"ok"
"AGDD","RdivB","FPC6","FPC6_RdivB",10109,10109,0.487455340180502,"ok"
"AGDD","RdivB","FPC7","FPC7_RdivB",10109,10109,-0.331179003067689,"ok"
"AGDD","RminusB","FPC1","FPC1_RminusB",10109,10109,-0.315752461887535,"ok"
"AGDD","RminusB","FPC2","FPC2_RminusB",10109,10109,-0.418842068908877,"ok"
"AGDD","RminusB","FPC3","FPC3_RminusB",10109,10109,0.162347125842886,"ok"
"AGDD","RminusB","FPC4","FPC4_RminusB",10109,10109,0.0956715612345841,"ok"
"AGDD","RminusB","FPC5","FPC5_RminusB",10109,10109,-0.0627453151249474,"ok"
"AGDD","RminusB","FPC6","FPC6_RminusB",10109,10109,-0.218489213471541,"ok"
"AGDD","RminusB","FPC7","FPC7_RminusB",10109,10109,-0.202425364202145,"ok"
"AGDD","TGI","FPC1","FPC1_TGI",10109,10109,-0.475861678215776,"ok"
"AGDD","TGI","FPC2","FPC2_TGI",10109,10109,-0.148332507453426,"ok"
"AGDD","TGI","FPC3","FPC3_TGI",10109,10109,8.91334704696197e-05,"ok"
"AGDD","TGI","FPC4","FPC4_TGI",10109,10109,0.119849470643018,"ok"
"AGDD","TGI","FPC5","FPC5_TGI",10109,10109,0.0876483292234808,"ok"
"AGDD","TGI","FPC6","FPC6_TGI",10109,10109,0.171036940615144,"ok"
"AGDD","TGI","FPC7","FPC7_TGI",10109,10109,-0.300591933786436,"ok"
"AGDD","TNDGR","FPC1","FPC1_TNDGR",10109,10109,-0.275043296114586,"ok"
"AGDD","TNDGR","FPC2","FPC2_TNDGR",10109,10109,0.52005177141651,"ok"
"AGDD","TNDGR","FPC3","FPC3_TNDGR",10109,10109,0.600470897677574,"ok"
"AGDD","TNDGR","FPC4","FPC4_TNDGR",10109,10109,0.160217034217863,"ok"
"AGDD","TNDGR","FPC5","FPC5_TNDGR",10109,10109,0.271552047698993,"ok"
"AGDD","TNDGR","FPC6","FPC6_TNDGR",10109,10109,0.168746556456154,"ok"
"AGDD","TNDGR","FPC7","FPC7_TNDGR",10109,10109,-0.0858436619325735,"ok"
"AGDD","VARI","FPC1","FPC1_VARI",10109,10109,0.287520195312672,"ok"
"AGDD","VARI","FPC2","FPC2_VARI",10109,10109,0.524725066906548,"ok"
"AGDD","VARI","FPC3","FPC3_VARI",10109,10109,0.592848283255329,"ok"
"AGDD","VARI","FPC4","FPC4_VARI",10109,10109,0.198963309707623,"ok"
"AGDD","VARI","FPC5","FPC5_VARI",10109,10109,0.342371889022198,"ok"
"AGDD","VARI","FPC6","FPC6_VARI",10109,10109,0.224877293725832,"ok"
"AGDD","VARI","FPC7","FPC7_VARI",10109,10109,0.105997879512938,"ok"
"AGDD","VEG","FPC1","FPC1_VEG",10109,10109,0.565404532898056,"ok"
"AGDD","VEG","FPC2","FPC2_VEG",10109,10109,0.261776294951953,"ok"
"AGDD","VEG","FPC3","FPC3_VEG",10109,10109,0.486592500022186,"ok"
"AGDD","VEG","FPC4","FPC4_VEG",10109,10109,0.344951726082651,"ok"
"AGDD","VEG","FPC5","FPC5_VEG",10109,10109,-0.241319493403651,"ok"
"AGDD","VEG","FPC6","FPC6_VEG",10109,10109,0.263418986413265,"ok"
"AGDD","VEG","FPC7","FPC7_VEG",10109,10109,0.216962223555599,"ok"
