Method,Model,Time_Domain,Series,CV,Seed,Fold,N,Environments,Correlation,RMSE,Equal_Environment_RMSE
BGLR,M10.G.P.W-Int,DAP,M10 DAP,CV0,1,1,5156,19,0.444340976850426,2.56801388526984,2.47693444686393
BGLR,M10.G.P.W-Int,DAP,M10 DAP,CV00,1,1,1293,19,0.373909354033035,2.65404767944145,2.51235485172159
BGLR,M10.G.P.W-Int,DAP,M10 DAP,CV0,1,2,5148,19,0.432530478750073,2.58796253149319,2.47525468992151
BGLR,M10.G.P.W-Int,DAP,M10 DAP,CV00,1,2,1301,19,0.453733550560028,2.56614787726257,2.50241437934958
BGLR,M10.G.P.W-Int,DAP,M10 DAP,CV0,1,3,5111,19,0.431079612309715,2.5805019883746,2.48285434384291
BGLR,M10.G.P.W-Int,DAP,M10 DAP,CV00,1,3,1338,19,0.425808351085156,2.61822465245543,2.4987579987541
BGLR,M10.G.P.W-Int,DAP,M10 DAP,CV0,1,4,5147,19,0.432507292703996,2.5864442607432,2.48906531369072
BGLR,M10.G.P.W-Int,DAP,M10 DAP,CV00,1,4,1302,19,0.40821035439981,2.59713372504753,2.49218219315944
BGLR,M10.G.P.W-Int,DAP,M10 DAP,CV0,1,5,5234,19,0.457931688383595,2.58583047371142,2.48292916920528
BGLR,M10.G.P.W-Int,DAP,M10 DAP,CV00,1,5,1215,19,0.345706831843332,2.5694216302497,2.4697250864613
BGLR,M10.G.P.W-Int,DAP,M10 DAP,CV0,2,1,5187,19,0.432364150883461,2.58090321110286,2.48137290935829
BGLR,M10.G.P.W-Int,DAP,M10 DAP,CV00,2,1,1262,19,0.416965917296084,2.60613403642097,2.49929947351674
BGLR,M10.G.P.W-Int,DAP,M10 DAP,CV0,2,2,5139,19,0.435992722071646,2.58406918637353,2.48675733431434
BGLR,M10.G.P.W-Int,DAP,M10 DAP,CV00,2,2,1310,19,0.426921523562646,2.59683219790751,2.49487908585858
BGLR,M10.G.P.W-Int,DAP,M10 DAP,CV0,2,3,5172,19,0.447695737328917,2.58912808471512,2.4945748367479
BGLR,M10.G.P.W-Int,DAP,M10 DAP,CV00,2,3,1277,19,0.370450724016578,2.58011155814481,2.45221177105064
BGLR,M10.G.P.W-Int,DAP,M10 DAP,CV0,2,4,5156,19,0.450636715549066,2.59107856755165,2.48466681547403
BGLR,M10.G.P.W-Int,DAP,M10 DAP,CV00,2,4,1293,19,0.363277614464174,2.56633649021921,2.46590280950372
BGLR,M10.G.P.W-Int,DAP,M10 DAP,CV0,2,5,5142,19,0.430587151266447,2.56373257873706,2.4596069445268
BGLR,M10.G.P.W-Int,DAP,M10 DAP,CV00,2,5,1307,19,0.45355565776197,2.64453273408343,2.54169740500538
BGLR,M10.G.P.W-Int,DAP,M10 DAP,CV0,3,1,5154,19,0.42053790926453,2.57169237663157,2.47249433722776
BGLR,M10.G.P.W-Int,DAP,M10 DAP,CV00,3,1,1295,19,0.452147066321863,2.64999381375861,2.55401685369977
BGLR,M10.G.P.W-Int,DAP,M10 DAP,CV0,3,2,5161,19,0.448593442685315,2.58758483448451,2.49043152003897
BGLR,M10.G.P.W-Int,DAP,M10 DAP,CV00,3,2,1288,19,0.360046012813173,2.56280424265653,2.44611442040896
BGLR,M10.G.P.W-Int,DAP,M10 DAP,CV0,3,3,5149,19,0.450804019692767,2.59981964548249,2.49324435202335
BGLR,M10.G.P.W-Int,DAP,M10 DAP,CV00,3,3,1300,19,0.406487904724632,2.51288012035423,2.42374120785601
BGLR,M10.G.P.W-Int,DAP,M10 DAP,CV0,3,4,5121,19,0.438350608785473,2.57102306836782,2.46880623136154
BGLR,M10.G.P.W-Int,DAP,M10 DAP,CV00,3,4,1328,19,0.434395287505608,2.6385856063957,2.52834858532303
BGLR,M10.G.P.W-Int,DAP,M10 DAP,CV0,3,5,5211,19,0.439747513498799,2.57653653019832,2.47937605450507
BGLR,M10.G.P.W-Int,DAP,M10 DAP,CV00,3,5,1238,19,0.421390961260599,2.63429314524093,2.51131416406362
BGLR,M10.G.P.W-Int,DAP,M10 DAP,CV0,4,1,5120,19,0.43583691963351,2.58596579192826,2.48999471146948
BGLR,M10.G.P.W-Int,DAP,M10 DAP,CV00,4,1,1329,19,0.425684098546543,2.58923643177058,2.46926291872398
BGLR,M10.G.P.W-Int,DAP,M10 DAP,CV0,4,2,5102,19,0.428846128181812,2.56959052587588,2.47213089093395
BGLR,M10.G.P.W-Int,DAP,M10 DAP,CV00,4,2,1347,19,0.376956049353778,2.67065157902989,2.57962396012225
BGLR,M10.G.P.W-Int,DAP,M10 DAP,CV0,4,3,5139,19,0.445666358865459,2.5740359857723,2.47531175226551
BGLR,M10.G.P.W-Int,DAP,M10 DAP,CV00,4,3,1310,19,0.418402218284306,2.60842606094856,2.4841895437518
BGLR,M10.G.P.W-Int,DAP,M10 DAP,CV0,4,4,5186,19,0.437135770422638,2.58539245377599,2.48664751696073
BGLR,M10.G.P.W-Int,DAP,M10 DAP,CV00,4,4,1263,19,0.437603237239653,2.58186025982837,2.45757728053809
BGLR,M10.G.P.W-Int,DAP,M10 DAP,CV0,4,5,5249,19,0.447878828552819,2.59046146807015,2.47927421075733
BGLR,M10.G.P.W-Int,DAP,M10 DAP,CV00,4,5,1200,19,0.363030431789032,2.56681635505357,2.50813337229336
BGLR,M10.G.P.W-Int,DAP,M10 DAP,CV0,5,1,5178,19,0.444064809566386,2.6065024263417,2.50155855848801
BGLR,M10.G.P.W-Int,DAP,M10 DAP,CV00,5,1,1271,19,0.389788508592144,2.4987508675311,2.41359112396536
BGLR,M10.G.P.W-Int,DAP,M10 DAP,CV0,5,2,5131,19,0.446401172840366,2.56956937083045,2.46890965372097
BGLR,M10.G.P.W-Int,DAP,M10 DAP,CV00,5,2,1318,19,0.397405554358416,2.64020376319378,2.53412037553736
BGLR,M10.G.P.W-Int,DAP,M10 DAP,CV0,5,3,5112,19,0.449563138349877,2.57477920457023,2.47734241058786
BGLR,M10.G.P.W-Int,DAP,M10 DAP,CV00,5,3,1337,19,0.357862865574424,2.61719729841361,2.48829559943355
BGLR,M10.G.P.W-Int,DAP,M10 DAP,CV0,5,4,5174,19,0.443314898858087,2.57319476899508,2.48174686596357
BGLR,M10.G.P.W-Int,DAP,M10 DAP,CV00,5,4,1275,19,0.411500040482016,2.62054512261331,2.47805543286177
BGLR,M10.G.P.W-Int,DAP,M10 DAP,CV0,5,5,5201,19,0.412682939472202,2.5824372164994,2.47475655556943
BGLR,M10.G.P.W-Int,DAP,M10 DAP,CV00,5,5,1248,19,0.472775527972385,2.62293954121777,2.5560789365451
BGLR,M10.G.P.W-Int,AGDD,M10 AGDD,CV0,1,1,5156,19,0.438111170598327,2.72898512825619,2.40172467807294
BGLR,M10.G.P.W-Int,AGDD,M10 AGDD,CV00,1,1,1293,19,0.372327925728898,2.87610071642255,2.43990507348837
BGLR,M10.G.P.W-Int,AGDD,M10 AGDD,CV0,1,2,5148,19,0.425758329400567,2.77373017593236,2.4046769484628
BGLR,M10.G.P.W-Int,AGDD,M10 AGDD,CV00,1,2,1301,19,0.423326728830716,2.75694983901543,2.45032223845391
BGLR,M10.G.P.W-Int,AGDD,M10 AGDD,CV0,1,3,5111,19,0.427607519950634,2.75865401401145,2.40741253015985
BGLR,M10.G.P.W-Int,AGDD,M10 AGDD,CV00,1,3,1338,19,0.407683231116933,2.82437079411821,2.44683401733219
BGLR,M10.G.P.W-Int,AGDD,M10 AGDD,CV0,1,4,5147,19,0.421124810890819,2.76392817395193,2.42179082093379
BGLR,M10.G.P.W-Int,AGDD,M10 AGDD,CV00,1,4,1302,19,0.422892307019188,2.7253215122053,2.40265114432812
BGLR,M10.G.P.W-Int,AGDD,M10 AGDD,CV0,1,5,5234,19,0.446598521775717,2.79151792477022,2.41858929097595
BGLR,M10.G.P.W-Int,AGDD,M10 AGDD,CV00,1,5,1215,19,0.369845283750647,2.69128467521935,2.39108215272893
BGLR,M10.G.P.W-Int,AGDD,M10 AGDD,CV0,2,1,5187,19,0.419251747098712,2.75707210912466,2.4140729943343
BGLR,M10.G.P.W-Int,AGDD,M10 AGDD,CV00,2,1,1262,19,0.425640153623277,2.74591680879703,2.40038499410401
BGLR,M10.G.P.W-Int,AGDD,M10 AGDD,CV0,2,2,5139,19,0.428232464573665,2.7493049232371,2.4097009239555
BGLR,M10.G.P.W-Int,AGDD,M10 AGDD,CV00,2,2,1310,19,0.41567273128875,2.82713972194102,2.43980368735332
BGLR,M10.G.P.W-Int,AGDD,M10 AGDD,CV0,2,3,5172,19,0.447091938314241,2.74821854325334,2.41370570505052
BGLR,M10.G.P.W-Int,AGDD,M10 AGDD,CV00,2,3,1277,19,0.330898064775755,2.79443414017343,2.39862676234067
BGLR,M10.G.P.W-Int,AGDD,M10 AGDD,CV0,2,4,5156,19,0.440853849888383,2.77695147323792,2.41370157498767
BGLR,M10.G.P.W-Int,AGDD,M10 AGDD,CV00,2,4,1293,19,0.371063585720037,2.71351585211655,2.40079490730961
BGLR,M10.G.P.W-Int,AGDD,M10 AGDD,CV0,2,5,5142,19,0.42206562839183,2.78580220148318,2.40581395741503
BGLR,M10.G.P.W-Int,AGDD,M10 AGDD,CV00,2,5,1307,19,0.451473276021154,2.78872773417101,2.4729577596502
BGLR,M10.G.P.W-Int,AGDD,M10 AGDD,CV0,3,1,5154,19,0.412219619278602,2.74157905804753,2.40282909565581
BGLR,M10.G.P.W-Int,AGDD,M10 AGDD,CV00,3,1,1295,19,0.453538325818958,2.8603969917864,2.48783721457154
BGLR,M10.G.P.W-Int,AGDD,M10 AGDD,CV0,3,2,5161,19,0.443214995974635,2.77114230439723,2.42515444296054
BGLR,M10.G.P.W-Int,AGDD,M10 AGDD,CV00,3,2,1288,19,0.363336523588758,2.7846728516696,2.36805760475343
BGLR,M10.G.P.W-Int,AGDD,M10 AGDD,CV0,3,3,5149,19,0.435397355634283,2.77995954782832,2.42755895754303
BGLR,M10.G.P.W-Int,AGDD,M10 AGDD,CV00,3,3,1300,19,0.409302273451035,2.65869948193596,2.33734674604392
BGLR,M10.G.P.W-Int,AGDD,M10 AGDD,CV0,3,4,5121,19,0.428355420057344,2.76169816630457,2.4023944756503
BGLR,M10.G.P.W-Int,AGDD,M10 AGDD,CV00,3,4,1328,19,0.43300573859811,2.79640685862887,2.45305612863344
BGLR,M10.G.P.W-Int,AGDD,M10 AGDD,CV0,3,5,5211,19,0.438207809435088,2.76405495645092,2.40233643819677
BGLR,M10.G.P.W-Int,AGDD,M10 AGDD,CV00,3,5,1238,19,0.392998271361708,2.76623276848411,2.46769157548412
BGLR,M10.G.P.W-Int,AGDD,M10 AGDD,CV0,4,1,5120,19,0.429870424608795,2.76984681186938,2.42225651331595
BGLR,M10.G.P.W-Int,AGDD,M10 AGDD,CV00,4,1,1329,19,0.409543249867805,2.76633151303882,2.39257359374701
BGLR,M10.G.P.W-Int,AGDD,M10 AGDD,CV0,4,2,5102,19,0.425967537931478,2.75069625930779,2.3960177506333
BGLR,M10.G.P.W-Int,AGDD,M10 AGDD,CV00,4,2,1347,19,0.377838391339337,2.85268854825128,2.53867767092088
BGLR,M10.G.P.W-Int,AGDD,M10 AGDD,CV0,4,3,5139,19,0.425103635909483,2.76881006793095,2.41842507988881
BGLR,M10.G.P.W-Int,AGDD,M10 AGDD,CV00,4,3,1310,19,0.421091424956911,2.70210180832285,2.37016435438075
BGLR,M10.G.P.W-Int,AGDD,M10 AGDD,CV0,4,4,5186,19,0.4326557004042,2.75853594189405,2.40846815923247
BGLR,M10.G.P.W-Int,AGDD,M10 AGDD,CV00,4,4,1263,19,0.422532134405213,2.80615446751106,2.41996529932336
BGLR,M10.G.P.W-Int,AGDD,M10 AGDD,CV0,4,5,5249,19,0.442452230462336,2.7686744338096,2.41124667020447
BGLR,M10.G.P.W-Int,AGDD,M10 AGDD,CV00,4,5,1200,19,0.359425456087813,2.76051132454133,2.42388391501728
BGLR,M10.G.P.W-Int,AGDD,M10 AGDD,CV0,5,1,5178,19,0.438094130325493,2.77409930079007,2.42702080409063
BGLR,M10.G.P.W-Int,AGDD,M10 AGDD,CV00,5,1,1271,19,0.384424868481001,2.71173693758945,2.34459485163385
BGLR,M10.G.P.W-Int,AGDD,M10 AGDD,CV0,5,2,5131,19,0.429502590717712,2.75242044876407,2.39977468554771
BGLR,M10.G.P.W-Int,AGDD,M10 AGDD,CV00,5,2,1318,19,0.405527419035946,2.75448230775194,2.45090106248525
BGLR,M10.G.P.W-Int,AGDD,M10 AGDD,CV0,5,3,5112,19,0.438144270424214,2.75927645507899,2.41580602126364
BGLR,M10.G.P.W-Int,AGDD,M10 AGDD,CV00,5,3,1337,19,0.36983718674347,2.76725354931076,2.39769708184092
BGLR,M10.G.P.W-Int,AGDD,M10 AGDD,CV0,5,4,5174,19,0.442668282909495,2.74943207783475,2.40414234013887
BGLR,M10.G.P.W-Int,AGDD,M10 AGDD,CV00,5,4,1275,19,0.362038311606124,2.84488062912108,2.45144511438195
BGLR,M10.G.P.W-Int,AGDD,M10 AGDD,CV0,5,5,5201,19,0.404702547585544,2.78223948552021,2.41016951496653
BGLR,M10.G.P.W-Int,AGDD,M10 AGDD,CV00,5,5,1248,19,0.478939491575609,2.80261570482307,2.48187682841038
TNP,VI+genomic+weather,DAP,TNP VI+G+W,CV0,1,1,5156,19,0.352203513073751,2.50812434894,2.30686386024918
TNP,VI+genomic+weather,DAP,TNP VI+G+W,CV0,2,1,5187,19,0.325060795205392,2.46089794126805,2.33653066218999
TNP,VI+genomic+weather,DAP,TNP VI+G+W,CV0,3,1,5154,19,0.395348449561481,2.34703246236952,2.23400493690292
TNP,VI+genomic+weather,DAP,TNP VI+G+W,CV0,4,1,5120,19,0.358736083278683,2.54475693163418,2.26611089578521
TNP,VI+genomic+weather,DAP,TNP VI+G+W,CV0,5,1,5178,19,0.325835339631721,2.63905331805715,2.41418100297478
TNP,VI+genomic+weather,DAP,TNP VI+G+W,CV0,1,2,5148,19,0.34066351369802,2.6950920878322,2.44834143121097
TNP,VI+genomic+weather,DAP,TNP VI+G+W,CV0,2,2,5139,19,0.318614126529225,2.6565768530938,2.43252355932321
TNP,VI+genomic+weather,DAP,TNP VI+G+W,CV0,3,2,5161,19,0.408599252635438,2.56185272159457,2.34907501303412
TNP,VI+genomic+weather,DAP,TNP VI+G+W,CV0,4,2,5102,19,0.37867809581953,2.58760118172083,2.28955077960821
TNP,VI+genomic+weather,DAP,TNP VI+G+W,CV0,5,2,5131,19,0.364478251153412,2.68364773062745,2.40083115186234
TNP,VI+genomic+weather,DAP,TNP VI+G+W,CV0,1,3,5111,19,0.293327038528073,2.6432371407615,2.34746502300866
TNP,VI+genomic+weather,DAP,TNP VI+G+W,CV0,2,3,5172,19,0.360262983158857,2.60796787145284,2.4257262775945
TNP,VI+genomic+weather,DAP,TNP VI+G+W,CV0,3,3,5149,19,0.377635992017547,2.64359926914147,2.46550186500305
TNP,VI+genomic+weather,DAP,TNP VI+G+W,CV0,4,3,5139,19,0.355797785538085,2.85616483958922,2.43428430160521
TNP,VI+genomic+weather,DAP,TNP VI+G+W,CV0,5,3,5112,19,0.349924818553615,2.60333321674507,2.39607899586872
TNP,VI+genomic+weather,DAP,TNP VI+G+W,CV0,1,4,5147,19,0.333383387675653,2.67822481943726,2.32493784616973
TNP,VI+genomic+weather,DAP,TNP VI+G+W,CV0,2,4,5156,19,0.346991188699269,2.38308455356107,2.25205523872201
TNP,VI+genomic+weather,DAP,TNP VI+G+W,CV0,3,4,5121,19,0.388323160390985,2.52153408953986,2.30278185107619
TNP,VI+genomic+weather,DAP,TNP VI+G+W,CV0,4,4,5186,19,0.334358666806573,2.62313946610941,2.24487239280551
TNP,VI+genomic+weather,DAP,TNP VI+G+W,CV0,5,4,5174,19,0.386813388135608,2.57397701659862,2.3383133841596
TNP,VI+genomic+weather,DAP,TNP VI+G+W,CV0,1,5,5234,19,0.372501966216526,2.65721106381412,2.35098843648611
TNP,VI+genomic+weather,DAP,TNP VI+G+W,CV0,2,5,5142,19,0.360347911194492,2.44831973176011,2.3036983881734
TNP,VI+genomic+weather,DAP,TNP VI+G+W,CV0,3,5,5211,19,0.410546745593934,2.55367983336027,2.34471935501966
TNP,VI+genomic+weather,DAP,TNP VI+G+W,CV0,4,5,5249,19,0.375085081148285,2.61478417526145,2.23554289798859
TNP,VI+genomic+weather,DAP,TNP VI+G+W,CV0,5,5,5201,19,0.357365641909768,2.57337672259663,2.28199712292529
TNP,VI+genomic+weather,DAP,TNP VI+G+W,CV00,1,1,1293,19,0.311779240266113,2.51788827545069,2.30637837406575
TNP,VI+genomic+weather,DAP,TNP VI+G+W,CV00,2,1,1262,19,0.351708374717623,2.38885805584823,2.25830757958656
TNP,VI+genomic+weather,DAP,TNP VI+G+W,CV00,3,1,1295,19,0.413356446866337,2.42231909540012,2.29448636785249
TNP,VI+genomic+weather,DAP,TNP VI+G+W,CV00,4,1,1329,19,0.357937427150212,2.58934686309838,2.27231998243075
TNP,VI+genomic+weather,DAP,TNP VI+G+W,CV00,5,1,1271,19,0.230425313000432,2.61971319312036,2.40052020875835
TNP,VI+genomic+weather,DAP,TNP VI+G+W,CV00,1,2,1301,19,0.308280048897473,2.68879337527524,2.48841340050379
TNP,VI+genomic+weather,DAP,TNP VI+G+W,CV00,2,2,1310,19,0.31758895858181,2.67571491665809,2.46345482420849
TNP,VI+genomic+weather,DAP,TNP VI+G+W,CV00,3,2,1288,19,0.34001497210272,2.53083632044826,2.32930223245182
TNP,VI+genomic+weather,DAP,TNP VI+G+W,CV00,4,2,1347,19,0.295046831434327,2.69696888178172,2.46332625419924
TNP,VI+genomic+weather,DAP,TNP VI+G+W,CV00,5,2,1318,19,0.365955942766738,2.69187973215702,2.38567753198157
TNP,VI+genomic+weather,DAP,TNP VI+G+W,CV00,1,3,1338,19,0.308521387626993,2.7153521644688,2.39874328093211
TNP,VI+genomic+weather,DAP,TNP VI+G+W,CV00,2,3,1277,19,0.304935033071922,2.56653156201602,2.34445439972434
TNP,VI+genomic+weather,DAP,TNP VI+G+W,CV00,3,3,1300,19,0.372948330406376,2.52837069385866,2.36356312835327
TNP,VI+genomic+weather,DAP,TNP VI+G+W,CV00,4,3,1310,19,0.391380584824766,2.84038318581194,2.35933886313397
TNP,VI+genomic+weather,DAP,TNP VI+G+W,CV00,5,3,1337,19,0.306162423834573,2.56143905149807,2.33199866505057
TNP,VI+genomic+weather,DAP,TNP VI+G+W,CV00,1,4,1302,19,0.30178411350035,2.72457197608937,2.32911026082738
TNP,VI+genomic+weather,DAP,TNP VI+G+W,CV00,2,4,1293,19,0.222834492234302,2.46845286963197,2.35636976231797
TNP,VI+genomic+weather,DAP,TNP VI+G+W,CV00,3,4,1328,19,0.393094009059983,2.62256506884215,2.36737580722914
TNP,VI+genomic+weather,DAP,TNP VI+G+W,CV00,4,4,1263,19,0.30036285347125,2.70236577385296,2.34174551762708
TNP,VI+genomic+weather,DAP,TNP VI+G+W,CV00,5,4,1275,19,0.349089195226953,2.63899737058648,2.38792434884035
TNP,VI+genomic+weather,DAP,TNP VI+G+W,CV00,1,5,1215,19,0.2766470545685,2.66238953078553,2.36725373060354
TNP,VI+genomic+weather,DAP,TNP VI+G+W,CV00,2,5,1307,19,0.327658385229455,2.57774289929623,2.45063189033242
TNP,VI+genomic+weather,DAP,TNP VI+G+W,CV00,3,5,1238,19,0.339759902629023,2.63333083350216,2.43546799648562
TNP,VI+genomic+weather,DAP,TNP VI+G+W,CV00,4,5,1200,19,0.280924221786774,2.53348188732091,2.18910693989086
TNP,VI+genomic+weather,DAP,TNP VI+G+W,CV00,5,5,1248,19,0.404519604120069,2.63568450165331,2.39589952825517
TNP,VI-only,DAP,TNP VI,CV0,1,1,5156,19,0.244559835057059,2.72314317340565,2.44276299577926
TNP,VI-only,DAP,TNP VI,CV0,2,1,5187,19,0.274543307015017,2.92601075121854,2.60711889144306
TNP,VI-only,DAP,TNP VI,CV0,3,1,5154,19,0.201519256647793,2.46427133685145,2.28263160194366
TNP,VI-only,DAP,TNP VI,CV0,4,1,5120,19,0.22380206348237,2.72054150475589,2.45358497390612
TNP,VI-only,DAP,TNP VI,CV0,5,1,5178,19,0.259381638729818,2.66837063374556,2.39872210521786
TNP,VI-only,DAP,TNP VI,CV0,1,2,5148,19,0.219597572853905,2.77386245132541,2.46769696764856
TNP,VI-only,DAP,TNP VI,CV0,2,2,5139,19,0.231221452005253,2.77496636155011,2.54484692831889
TNP,VI-only,DAP,TNP VI,CV0,3,2,5161,19,0.218824826184317,2.42277917497795,2.2878491664029
TNP,VI-only,DAP,TNP VI,CV0,4,2,5102,19,0.251862451030885,2.7195878916058,2.37838504416549
TNP,VI-only,DAP,TNP VI,CV0,5,2,5131,19,0.256862743855699,2.58696436469865,2.33501917287544
TNP,VI-only,DAP,TNP VI,CV0,1,3,5111,19,0.239990464007794,2.64214570414132,2.40748600924949
TNP,VI-only,DAP,TNP VI,CV0,2,3,5172,19,0.269642995080921,2.86411116476482,2.58575849865261
TNP,VI-only,DAP,TNP VI,CV0,3,3,5149,19,0.172533939951968,2.54345743582165,2.40007730593505
TNP,VI-only,DAP,TNP VI,CV0,4,3,5139,19,0.20351921204248,2.94515314066282,2.55311032409245
TNP,VI-only,DAP,TNP VI,CV0,5,3,5112,19,0.257440457025591,2.85621837875419,2.64809761336342
TNP,VI-only,DAP,TNP VI,CV0,1,4,5147,19,0.227392353460908,2.78861186782139,2.50991899451117
TNP,VI-only,DAP,TNP VI,CV0,2,4,5156,19,0.271763783599731,3.13713215485715,2.63377040948112
TNP,VI-only,DAP,TNP VI,CV0,3,4,5121,19,0.23558407796286,2.58649060875513,2.35022924174666
TNP,VI-only,DAP,TNP VI,CV0,4,4,5186,19,0.243551439318879,2.73703350976147,2.35265787809579
TNP,VI-only,DAP,TNP VI,CV0,5,4,5174,19,0.26121526640505,2.70060451476684,2.3687125439243
TNP,VI-only,DAP,TNP VI,CV0,1,5,5234,19,0.258302647512136,2.74756966096562,2.44400344671595
TNP,VI-only,DAP,TNP VI,CV0,2,5,5142,19,0.294547425698562,2.86012496938804,2.50542387448575
TNP,VI-only,DAP,TNP VI,CV0,3,5,5211,19,0.186077494982228,2.53933789215144,2.32623926871575
TNP,VI-only,DAP,TNP VI,CV0,4,5,5249,19,0.250779917095893,2.67912351374477,2.38495206343857
TNP,VI-only,DAP,TNP VI,CV0,5,5,5201,19,0.243736339531382,2.65109711545948,2.36147992192142
TNP,VI-only,DAP,TNP VI,CV00,1,1,1293,19,0.223933447655462,2.69335588731305,2.37920378440082
TNP,VI-only,DAP,TNP VI,CV00,2,1,1262,19,0.347123194929721,2.81355184271427,2.50901489344799
TNP,VI-only,DAP,TNP VI,CV00,3,1,1295,19,0.268707689249636,2.53198058467144,2.35465738371594
TNP,VI-only,DAP,TNP VI,CV00,4,1,1329,19,0.240001293653851,2.7433245305391,2.40735913360957
TNP,VI-only,DAP,TNP VI,CV00,5,1,1271,19,0.243988625116071,2.62229286620999,2.34665689883074
TNP,VI-only,DAP,TNP VI,CV00,1,2,1301,19,0.23396175695292,2.70861841513361,2.43350094227077
TNP,VI-only,DAP,TNP VI,CV00,2,2,1310,19,0.23866958060878,2.76804887151571,2.53098248891333
TNP,VI-only,DAP,TNP VI,CV00,3,2,1288,19,0.201145561591097,2.39146768308239,2.22685875149593
TNP,VI-only,DAP,TNP VI,CV00,4,2,1347,19,0.259632565375148,2.76431589485401,2.45927352634977
TNP,VI-only,DAP,TNP VI,CV00,5,2,1318,19,0.197002213649848,2.65239634242757,2.36600358511175
TNP,VI-only,DAP,TNP VI,CV00,1,3,1338,19,0.188578260640183,2.79001278832749,2.53909418213189
TNP,VI-only,DAP,TNP VI,CV00,2,3,1277,19,0.252709896060793,2.83108936586484,2.47044273841917
TNP,VI-only,DAP,TNP VI,CV00,3,3,1300,19,0.215941629365286,2.36755704865476,2.2353927776522
TNP,VI-only,DAP,TNP VI,CV00,4,3,1310,19,0.24059931345978,2.95087551074523,2.49364365563526
TNP,VI-only,DAP,TNP VI,CV00,5,3,1337,19,0.245188481363883,2.75656742169467,2.51505337347386
TNP,VI-only,DAP,TNP VI,CV00,1,4,1302,19,0.255836575148748,2.77640207134139,2.49756783898727
TNP,VI-only,DAP,TNP VI,CV00,2,4,1293,19,0.184564914324558,3.12938365381808,2.65005806215618
TNP,VI-only,DAP,TNP VI,CV00,3,4,1328,19,0.19924518894304,2.69242720258285,2.41118635233719
TNP,VI-only,DAP,TNP VI,CV00,4,4,1263,19,0.275481902379512,2.76212191698603,2.38348413287867
TNP,VI-only,DAP,TNP VI,CV00,5,4,1275,19,0.230161910925276,2.75442781705069,2.40751846722988
TNP,VI-only,DAP,TNP VI,CV00,1,5,1215,19,0.254542351250289,2.71009458588291,2.40677082090496
TNP,VI-only,DAP,TNP VI,CV00,2,5,1307,19,0.258697385518408,3.027245141227,2.68512017122667
TNP,VI-only,DAP,TNP VI,CV00,3,5,1238,19,0.144430463902166,2.55790875614305,2.3811915086495
TNP,VI-only,DAP,TNP VI,CV00,4,5,1200,19,0.241114459473436,2.55263468537814,2.2725733652515
TNP,VI-only,DAP,TNP VI,CV00,5,5,1248,19,0.366268785761912,2.72933072093506,2.48420072378438
TNP,VI+genomic,DAP,TNP VI+G,CV0,1,1,5156,19,0.396851317569107,2.75422934280384,2.36235637334568
TNP,VI+genomic,DAP,TNP VI+G,CV0,2,1,5187,19,0.347730851654227,2.47308978444177,2.29471496068368
TNP,VI+genomic,DAP,TNP VI+G,CV0,3,1,5154,19,0.386348832134125,2.59638181147805,2.36218756053642
TNP,VI+genomic,DAP,TNP VI+G,CV0,4,1,5120,19,0.344685482860605,2.59558389075452,2.44940079129837
TNP,VI+genomic,DAP,TNP VI+G,CV0,5,1,5178,19,0.331804340946043,2.68421322532476,2.4759188272602
TNP,VI+genomic,DAP,TNP VI+G,CV0,1,2,5148,19,0.370763150542904,2.83500049401684,2.53528783470232
TNP,VI+genomic,DAP,TNP VI+G,CV0,2,2,5139,19,0.319539441329027,2.49494061453539,2.30155827815561
TNP,VI+genomic,DAP,TNP VI+G,CV0,3,2,5161,19,0.376023567448382,2.67405802499485,2.428942467651
TNP,VI+genomic,DAP,TNP VI+G,CV0,4,2,5102,19,0.33072156630189,2.43369630043437,2.27222424525393
TNP,VI+genomic,DAP,TNP VI+G,CV0,5,2,5131,19,0.312072350309759,2.70747095804093,2.47712597171366
TNP,VI+genomic,DAP,TNP VI+G,CV0,1,3,5111,19,0.346240071049429,2.64548475862524,2.30817734963915
TNP,VI+genomic,DAP,TNP VI+G,CV0,2,3,5172,19,0.31831176639386,2.63277302999585,2.3350297184619
TNP,VI+genomic,DAP,TNP VI+G,CV0,3,3,5149,19,0.358440227331893,2.61290068314995,2.33644493906728
TNP,VI+genomic,DAP,TNP VI+G,CV0,4,3,5139,19,0.358882974817238,2.55770939762644,2.39752109188162
TNP,VI+genomic,DAP,TNP VI+G,CV0,5,3,5112,19,0.347006980753254,2.59957601482485,2.3710608928328
TNP,VI+genomic,DAP,TNP VI+G,CV0,1,4,5147,19,0.319832265158095,2.71375503077199,2.38294704366172
TNP,VI+genomic,DAP,TNP VI+G,CV0,2,4,5156,19,0.397364824606129,2.42281535229916,2.25865397031123
TNP,VI+genomic,DAP,TNP VI+G,CV0,3,4,5121,19,0.346092496087779,2.56211333592874,2.36452841553955
TNP,VI+genomic,DAP,TNP VI+G,CV0,4,4,5186,19,0.354466220285118,2.61680242130181,2.39497902486601
TNP,VI+genomic,DAP,TNP VI+G,CV0,5,4,5174,19,0.339397991821072,2.66691734707929,2.39224663086549
TNP,VI+genomic,DAP,TNP VI+G,CV0,1,5,5234,19,0.379882873450781,2.58872122741644,2.34115441177176
TNP,VI+genomic,DAP,TNP VI+G,CV0,2,5,5142,19,0.335148004584022,2.46673734831072,2.25482798970846
TNP,VI+genomic,DAP,TNP VI+G,CV0,3,5,5211,19,0.380730771557093,2.53700524150352,2.27421441173699
TNP,VI+genomic,DAP,TNP VI+G,CV0,4,5,5249,19,0.3910213929669,2.49089523242479,2.31204167160458
TNP,VI+genomic,DAP,TNP VI+G,CV0,5,5,5201,19,0.321682144330167,2.43844613432095,2.23417388826453
TNP,VI+genomic,DAP,TNP VI+G,CV00,1,1,1293,19,0.333035693462636,2.73962450498753,2.36695028618647
TNP,VI+genomic,DAP,TNP VI+G,CV00,2,1,1262,19,0.329741554326843,2.44517126054319,2.24829480691156
TNP,VI+genomic,DAP,TNP VI+G,CV00,3,1,1295,19,0.384462794106984,2.66874567789626,2.44215429542262
TNP,VI+genomic,DAP,TNP VI+G,CV00,4,1,1329,19,0.353464422956826,2.62572556853089,2.42840408555498
TNP,VI+genomic,DAP,TNP VI+G,CV00,5,1,1271,19,0.23460333340367,2.67884269948389,2.47634202624764
TNP,VI+genomic,DAP,TNP VI+G,CV00,1,2,1301,19,0.344357119522544,2.82076772931777,2.57077134966828
TNP,VI+genomic,DAP,TNP VI+G,CV00,2,2,1310,19,0.30300062396286,2.52362695774237,2.31388993299929
TNP,VI+genomic,DAP,TNP VI+G,CV00,3,2,1288,19,0.308143395472589,2.64809558443126,2.41338111264363
TNP,VI+genomic,DAP,TNP VI+G,CV00,4,2,1347,19,0.268514841455221,2.5727641102496,2.44243011467199
TNP,VI+genomic,DAP,TNP VI+G,CV00,5,2,1318,19,0.264909169178822,2.71940436795271,2.48602033588959
TNP,VI+genomic,DAP,TNP VI+G,CV00,1,3,1338,19,0.325165046850836,2.74425848536071,2.38150806796829
TNP,VI+genomic,DAP,TNP VI+G,CV00,2,3,1277,19,0.240132497837109,2.60939010323319,2.25020845178324
TNP,VI+genomic,DAP,TNP VI+G,CV00,3,3,1300,19,0.319266863191167,2.50524579467952,2.2354074076772
TNP,VI+genomic,DAP,TNP VI+G,CV00,4,3,1310,19,0.346534771194148,2.5829515715644,2.3786289204329
TNP,VI+genomic,DAP,TNP VI+G,CV00,5,3,1337,19,0.306843881429331,2.57644775697609,2.30205604684252
TNP,VI+genomic,DAP,TNP VI+G,CV00,1,4,1302,19,0.246367581664228,2.80925904493426,2.44132763387721
TNP,VI+genomic,DAP,TNP VI+G,CV00,2,4,1293,19,0.256462592949718,2.53111454229417,2.39615496790848
TNP,VI+genomic,DAP,TNP VI+G,CV00,3,4,1328,19,0.347571331467535,2.65447424907423,2.44845725504002
TNP,VI+genomic,DAP,TNP VI+G,CV00,4,4,1263,19,0.292183965810004,2.68277692263322,2.48516992337379
TNP,VI+genomic,DAP,TNP VI+G,CV00,5,4,1275,19,0.287095391359402,2.71548390681881,2.42240846937656
TNP,VI+genomic,DAP,TNP VI+G,CV00,1,5,1215,19,0.276283619178874,2.59061131019737,2.33973121513331
TNP,VI+genomic,DAP,TNP VI+G,CV00,2,5,1307,19,0.320187303117896,2.61490770395736,2.42981563533997
TNP,VI+genomic,DAP,TNP VI+G,CV00,3,5,1238,19,0.354249731451809,2.60088784702856,2.34494388237165
TNP,VI+genomic,DAP,TNP VI+G,CV00,4,5,1200,19,0.304462869164934,2.36182054119633,2.21217187327899
TNP,VI+genomic,DAP,TNP VI+G,CV00,5,5,1248,19,0.37956603239726,2.53557887384559,2.37004472314197
BGLR,M10.G.P.W-Int,DAP,M10 DAP,CV1,1,1,1293,19,0.417747349670157,2.40520946969948,
BGLR,M10.G.P.W-Int,DAP,M10 DAP,CV2,1,1,5156,19,0.524240064051576,2.26253670680274,
BGLR,M10.G.P.W-Int,DAP,M10 DAP,CV1,1,2,1301,19,0.480803837107789,2.31462495057316,
BGLR,M10.G.P.W-Int,DAP,M10 DAP,CV2,1,2,5148,19,0.519104737563192,2.28048197938966,
BGLR,M10.G.P.W-Int,DAP,M10 DAP,CV1,1,3,1338,19,0.448781721589563,2.36939356217384,
BGLR,M10.G.P.W-Int,DAP,M10 DAP,CV2,1,3,5111,19,0.51910931585345,2.27026696808446,
BGLR,M10.G.P.W-Int,DAP,M10 DAP,CV1,1,4,1302,19,0.442051958236673,2.34486174566663,
BGLR,M10.G.P.W-Int,DAP,M10 DAP,CV2,1,4,5147,19,0.515855972653264,2.27991657644463,
BGLR,M10.G.P.W-Int,DAP,M10 DAP,CV1,1,5,1215,19,0.380033621230388,2.31376481828699,
BGLR,M10.G.P.W-Int,DAP,M10 DAP,CV2,1,5,5234,19,0.539111830652082,2.27692996903152,
BGLR,M10.G.P.W-Int,DAP,M10 DAP,CV1,2,1,1262,19,0.449929890024102,2.35537000544077,
BGLR,M10.G.P.W-Int,DAP,M10 DAP,CV2,2,1,5187,19,0.515767805330248,2.27624139730507,
BGLR,M10.G.P.W-Int,DAP,M10 DAP,CV1,2,2,1310,19,0.451349663067112,2.35434824274232,
BGLR,M10.G.P.W-Int,DAP,M10 DAP,CV2,2,2,5139,19,0.524410617750992,2.2680845114819,
BGLR,M10.G.P.W-Int,DAP,M10 DAP,CV1,2,3,1277,19,0.401425374769158,2.32685610555797,
BGLR,M10.G.P.W-Int,DAP,M10 DAP,CV2,2,3,5172,19,0.529399213022618,2.27856533005887,
BGLR,M10.G.P.W-Int,DAP,M10 DAP,CV1,2,4,1293,19,0.389128379281811,2.3137427678236,
BGLR,M10.G.P.W-Int,DAP,M10 DAP,CV2,2,4,5156,19,0.532269404071543,2.28573237664602,
BGLR,M10.G.P.W-Int,DAP,M10 DAP,CV1,2,5,1307,19,0.489747517105422,2.39148677102343,
BGLR,M10.G.P.W-Int,DAP,M10 DAP,CV2,2,5,5142,19,0.514424610266158,2.26269853406299,
BGLR,M10.G.P.W-Int,DAP,M10 DAP,CV1,3,1,1295,19,0.486168290054859,2.40574271007139,
BGLR,M10.G.P.W-Int,DAP,M10 DAP,CV2,3,1,5154,19,0.50309923594383,2.26802949913552,
BGLR,M10.G.P.W-Int,DAP,M10 DAP,CV1,3,2,1288,19,0.385485053263531,2.32399337877856,
BGLR,M10.G.P.W-Int,DAP,M10 DAP,CV2,3,2,5161,19,0.530816593550656,2.2798847268524,
BGLR,M10.G.P.W-Int,DAP,M10 DAP,CV1,3,3,1300,19,0.445954607817814,2.24756245840691,
BGLR,M10.G.P.W-Int,DAP,M10 DAP,CV2,3,3,5149,19,0.536912580883665,2.28706099008361,
BGLR,M10.G.P.W-Int,DAP,M10 DAP,CV1,3,4,1328,19,0.457728589866493,2.39006051915408,
BGLR,M10.G.P.W-Int,DAP,M10 DAP,CV2,3,4,5121,19,0.52413083681721,2.26292657210074,
BGLR,M10.G.P.W-Int,DAP,M10 DAP,CV1,3,5,1238,19,0.448543940645803,2.37023874100947,
BGLR,M10.G.P.W-Int,DAP,M10 DAP,CV2,3,5,5211,19,0.523632654061072,2.27184645480816,
BGLR,M10.G.P.W-Int,DAP,M10 DAP,CV1,4,1,1329,19,0.460772147997765,2.32803124656503,
BGLR,M10.G.P.W-Int,DAP,M10 DAP,CV2,4,1,5120,19,0.518836382972967,2.27815504990608,
BGLR,M10.G.P.W-Int,DAP,M10 DAP,CV1,4,2,1347,19,0.408549490367806,2.42595329794446,
BGLR,M10.G.P.W-Int,DAP,M10 DAP,CV2,4,2,5102,19,0.51896708544717,2.26021091613845,
BGLR,M10.G.P.W-Int,DAP,M10 DAP,CV1,4,3,1310,19,0.457269730075859,2.34144397779446,
BGLR,M10.G.P.W-Int,DAP,M10 DAP,CV2,4,3,5139,19,0.524672371778708,2.27539785495624,
BGLR,M10.G.P.W-Int,DAP,M10 DAP,CV1,4,4,1263,19,0.473020794573649,2.32510340453582,
BGLR,M10.G.P.W-Int,DAP,M10 DAP,CV2,4,4,5186,19,0.518408606460993,2.28105089705248,
BGLR,M10.G.P.W-Int,DAP,M10 DAP,CV1,4,5,1200,19,0.385596406541878,2.32512088172443,
BGLR,M10.G.P.W-Int,DAP,M10 DAP,CV2,4,5,5249,19,0.535574963060272,2.27532843589994,
BGLR,M10.G.P.W-Int,DAP,M10 DAP,CV1,5,1,1271,19,0.406520435959995,2.26219479218981,
BGLR,M10.G.P.W-Int,DAP,M10 DAP,CV2,5,1,5178,19,0.530029408994576,2.29178842858176,
BGLR,M10.G.P.W-Int,DAP,M10 DAP,CV1,5,2,1318,19,0.427102373508396,2.37280103370871,
BGLR,M10.G.P.W-Int,DAP,M10 DAP,CV2,5,2,5131,19,0.529789593527651,2.26284331606349,
BGLR,M10.G.P.W-Int,DAP,M10 DAP,CV1,5,3,1337,19,0.406390879422308,2.3530452854277,
BGLR,M10.G.P.W-Int,DAP,M10 DAP,CV2,5,3,5112,19,0.52648253893008,2.27708386108827,
BGLR,M10.G.P.W-Int,DAP,M10 DAP,CV1,5,4,1275,19,0.441886414520193,2.36809581883615,
BGLR,M10.G.P.W-Int,DAP,M10 DAP,CV2,5,4,5174,19,0.526395095581084,2.26809930510636,
BGLR,M10.G.P.W-Int,DAP,M10 DAP,CV1,5,5,1248,19,0.505096838154105,2.38022372027568,
BGLR,M10.G.P.W-Int,DAP,M10 DAP,CV2,5,5,5201,19,0.50059485127874,2.27301716886834,
BGLR,M10.G.P.W-Int,AGDD,M10 AGDD,CV1,1,1,1293,19,0.415906585569186,2.34669730462999,
BGLR,M10.G.P.W-Int,AGDD,M10 AGDD,CV2,1,1,5156,19,0.539614461229053,2.19670261891524,
BGLR,M10.G.P.W-Int,AGDD,M10 AGDD,CV1,1,2,1301,19,0.48782560416144,2.2488783404243,
BGLR,M10.G.P.W-Int,AGDD,M10 AGDD,CV2,1,2,5148,19,0.528783729091828,2.2189037841442,
BGLR,M10.G.P.W-Int,AGDD,M10 AGDD,CV1,1,3,1338,19,0.463247199444484,2.31889538368759,
BGLR,M10.G.P.W-Int,AGDD,M10 AGDD,CV2,1,3,5111,19,0.530945578819159,2.20148134350333,
BGLR,M10.G.P.W-Int,AGDD,M10 AGDD,CV1,1,4,1302,19,0.478205163786313,2.26578159821879,
BGLR,M10.G.P.W-Int,AGDD,M10 AGDD,CV2,1,4,5147,19,0.524745526265661,2.21959381876528,
BGLR,M10.G.P.W-Int,AGDD,M10 AGDD,CV1,1,5,1215,19,0.411874064466943,2.24933311909707,
BGLR,M10.G.P.W-Int,AGDD,M10 AGDD,CV2,1,5,5234,19,0.550508585887345,2.21111613400062,
BGLR,M10.G.P.W-Int,AGDD,M10 AGDD,CV1,2,1,1262,19,0.47108355315764,2.27409511037893,
BGLR,M10.G.P.W-Int,AGDD,M10 AGDD,CV2,2,1,5187,19,0.525190595627873,2.21693189671817,
BGLR,M10.G.P.W-Int,AGDD,M10 AGDD,CV1,2,2,1310,19,0.464665539331667,2.28219130723087,
BGLR,M10.G.P.W-Int,AGDD,M10 AGDD,CV2,2,2,5139,19,0.535148603646831,2.20572952501593,
BGLR,M10.G.P.W-Int,AGDD,M10 AGDD,CV1,2,3,1277,19,0.397192735649473,2.26938590996941,
BGLR,M10.G.P.W-Int,AGDD,M10 AGDD,CV2,2,3,5172,19,0.544680090926411,2.21287040145465,
BGLR,M10.G.P.W-Int,AGDD,M10 AGDD,CV1,2,4,1293,19,0.408909426509628,2.25143479477033,
BGLR,M10.G.P.W-Int,AGDD,M10 AGDD,CV2,2,4,5156,19,0.545454171766473,2.21994464521091,
BGLR,M10.G.P.W-Int,AGDD,M10 AGDD,CV1,2,5,1307,19,0.510582126943184,2.34615468215715,
BGLR,M10.G.P.W-Int,AGDD,M10 AGDD,CV2,2,5,5142,19,0.522507975683341,2.19486587977426,
BGLR,M10.G.P.W-Int,AGDD,M10 AGDD,CV1,3,1,1295,19,0.50532083821239,2.35903862917791,
BGLR,M10.G.P.W-Int,AGDD,M10 AGDD,CV2,3,1,5154,19,0.518178422977133,2.19755953205338,
BGLR,M10.G.P.W-Int,AGDD,M10 AGDD,CV1,3,2,1288,19,0.408824887571219,2.24317526808203,
BGLR,M10.G.P.W-Int,AGDD,M10 AGDD,CV2,3,2,5161,19,0.545506857372174,2.21853032627345,
BGLR,M10.G.P.W-Int,AGDD,M10 AGDD,CV1,3,3,1300,19,0.461502592998349,2.17012379756375,
BGLR,M10.G.P.W-Int,AGDD,M10 AGDD,CV2,3,3,5149,19,0.541546824647673,2.22956642769166,
BGLR,M10.G.P.W-Int,AGDD,M10 AGDD,CV1,3,4,1328,19,0.494422448042209,2.33302232632006,
BGLR,M10.G.P.W-Int,AGDD,M10 AGDD,CV2,3,4,5121,19,0.528376098591515,2.19782673398295,
BGLR,M10.G.P.W-Int,AGDD,M10 AGDD,CV1,3,5,1238,19,0.439925535639259,2.31387264607796,
BGLR,M10.G.P.W-Int,AGDD,M10 AGDD,CV2,3,5,5211,19,0.540231093519956,2.20634520657688,
BGLR,M10.G.P.W-Int,AGDD,M10 AGDD,CV1,4,1,1329,19,0.480160875894143,2.25732458410193,
BGLR,M10.G.P.W-Int,AGDD,M10 AGDD,CV2,4,1,5120,19,0.529860846303107,2.2155112192507,
BGLR,M10.G.P.W-Int,AGDD,M10 AGDD,CV1,4,2,1347,19,0.43719512107312,2.37011852807734,
BGLR,M10.G.P.W-Int,AGDD,M10 AGDD,CV2,4,2,5102,19,0.533055871789285,2.19225262015284,
BGLR,M10.G.P.W-Int,AGDD,M10 AGDD,CV1,4,3,1310,19,0.471596841674427,2.25637157549065,
BGLR,M10.G.P.W-Int,AGDD,M10 AGDD,CV2,4,3,5139,19,0.528116701765446,2.21986763416686,
BGLR,M10.G.P.W-Int,AGDD,M10 AGDD,CV1,4,4,1263,19,0.471532844105587,2.28598928763057,
BGLR,M10.G.P.W-Int,AGDD,M10 AGDD,CV2,4,4,5186,19,0.535723681278037,2.20942594277566,
BGLR,M10.G.P.W-Int,AGDD,M10 AGDD,CV1,4,5,1200,19,0.398497130935056,2.26838300194585,
BGLR,M10.G.P.W-Int,AGDD,M10 AGDD,CV2,4,5,5249,19,0.54688668630206,2.21043181330627,
BGLR,M10.G.P.W-Int,AGDD,M10 AGDD,CV1,5,1,1271,19,0.424938446806093,2.19170439552065,
BGLR,M10.G.P.W-Int,AGDD,M10 AGDD,CV2,5,1,5178,19,0.543516478894432,2.22772662997764,
BGLR,M10.G.P.W-Int,AGDD,M10 AGDD,CV1,5,2,1318,19,0.441845923446015,2.31706353833237,
BGLR,M10.G.P.W-Int,AGDD,M10 AGDD,CV2,5,2,5131,19,0.537562583240164,2.19725601712891,
BGLR,M10.G.P.W-Int,AGDD,M10 AGDD,CV1,5,3,1337,19,0.425577517504749,2.28660319020025,
BGLR,M10.G.P.W-Int,AGDD,M10 AGDD,CV2,5,3,5112,19,0.536022943978025,2.21338535476499,
BGLR,M10.G.P.W-Int,AGDD,M10 AGDD,CV1,5,4,1275,19,0.435941962186969,2.31715226252056,
BGLR,M10.G.P.W-Int,AGDD,M10 AGDD,CV2,5,4,5174,19,0.539928186348858,2.2020331315412,
BGLR,M10.G.P.W-Int,AGDD,M10 AGDD,CV1,5,5,1248,19,0.533879853877147,2.3102654474683,
BGLR,M10.G.P.W-Int,AGDD,M10 AGDD,CV2,5,5,5201,19,0.51322867094625,2.20785442781603,
TNP,VI+genomic+weather,DAP,TNP VI+G+W,CV1,1,1,1293,19,0.496284307499586,1.73557669052926,
TNP,VI+genomic+weather,DAP,TNP VI+G+W,CV1,2,1,1262,19,0.537789428344279,1.70636025667216,
TNP,VI+genomic+weather,DAP,TNP VI+G+W,CV1,3,1,1295,19,0.570640238299871,1.75121317985916,
TNP,VI+genomic+weather,DAP,TNP VI+G+W,CV1,4,1,1329,19,0.555642005074137,1.72306158676324,
TNP,VI+genomic+weather,DAP,TNP VI+G+W,CV1,5,1,1271,19,0.454475686422069,1.68213314106216,
TNP,VI+genomic+weather,DAP,TNP VI+G+W,CV1,1,2,1301,19,0.550812317063647,1.71302388600726,
TNP,VI+genomic+weather,DAP,TNP VI+G+W,CV1,2,2,1310,19,0.533592043389591,1.69591186589829,
TNP,VI+genomic+weather,DAP,TNP VI+G+W,CV1,3,2,1288,19,0.472774609876359,1.70047801073286,
TNP,VI+genomic+weather,DAP,TNP VI+G+W,CV1,4,2,1347,19,0.499367087892623,1.81849812008692,
TNP,VI+genomic+weather,DAP,TNP VI+G+W,CV1,5,2,1318,19,0.522646291188011,1.6743265207173,
TNP,VI+genomic+weather,DAP,TNP VI+G+W,CV1,1,3,1338,19,0.486680063707665,1.8173721826325,
TNP,VI+genomic+weather,DAP,TNP VI+G+W,CV1,2,3,1277,19,0.473792425115311,1.69712081811953,
TNP,VI+genomic+weather,DAP,TNP VI+G+W,CV1,3,3,1300,19,0.527221302588982,1.62203554528496,
TNP,VI+genomic+weather,DAP,TNP VI+G+W,CV1,4,3,1310,19,0.535439518595798,1.6415943771885,
TNP,VI+genomic+weather,DAP,TNP VI+G+W,CV1,5,3,1337,19,0.492754105623438,1.70730930275347,
TNP,VI+genomic+weather,DAP,TNP VI+G+W,CV1,1,4,1302,19,0.493874946791074,1.73144262808451,
TNP,VI+genomic+weather,DAP,TNP VI+G+W,CV1,2,4,1293,19,0.476116854880647,1.76153263376827,
TNP,VI+genomic+weather,DAP,TNP VI+G+W,CV1,3,4,1328,19,0.526430066307301,1.78440531667884,
TNP,VI+genomic+weather,DAP,TNP VI+G+W,CV1,4,4,1263,19,0.517977010708178,1.83061373202931,
TNP,VI+genomic+weather,DAP,TNP VI+G+W,CV1,5,4,1275,19,0.486817514792326,1.78522011186889,
TNP,VI+genomic+weather,DAP,TNP VI+G+W,CV1,1,5,1215,19,0.520106277027839,1.7215684594588,
TNP,VI+genomic+weather,DAP,TNP VI+G+W,CV1,2,5,1307,19,0.545222922903319,1.82143932263956,
TNP,VI+genomic+weather,DAP,TNP VI+G+W,CV1,3,5,1238,19,0.486543767324899,1.77462290652939,
TNP,VI+genomic+weather,DAP,TNP VI+G+W,CV1,4,5,1200,19,0.45785318207744,1.72708662114431,
TNP,VI+genomic+weather,DAP,TNP VI+G+W,CV1,5,5,1248,19,0.577793009585722,1.80957374055999,
TNP,VI+genomic+weather,DAP,TNP VI+G+W,CV2,1,1,5156,19,0.604448275775943,1.63952293843723,
TNP,VI+genomic+weather,DAP,TNP VI+G+W,CV2,2,1,5187,19,0.581930293014547,1.65738371677274,
TNP,VI+genomic+weather,DAP,TNP VI+G+W,CV2,3,1,5154,19,0.612891053666851,1.5838865567755,
TNP,VI+genomic+weather,DAP,TNP VI+G+W,CV2,4,1,5120,19,0.640883268397444,1.54418316164973,
TNP,VI+genomic+weather,DAP,TNP VI+G+W,CV2,5,1,5178,19,0.592250088899592,1.64693129718772,
TNP,VI+genomic+weather,DAP,TNP VI+G+W,CV2,1,2,5148,19,0.586608388405232,1.64737218766401,
TNP,VI+genomic+weather,DAP,TNP VI+G+W,CV2,2,2,5139,19,0.605614584586797,1.62568325711944,
TNP,VI+genomic+weather,DAP,TNP VI+G+W,CV2,3,2,5161,19,0.618481382014112,1.63150760906746,
TNP,VI+genomic+weather,DAP,TNP VI+G+W,CV2,4,2,5102,19,0.608363355748652,1.60787376657089,
TNP,VI+genomic+weather,DAP,TNP VI+G+W,CV2,5,2,5131,19,0.600868014255549,1.63766789941934,
TNP,VI+genomic+weather,DAP,TNP VI+G+W,CV2,1,3,5111,19,0.566510977018829,1.67104201808567,
TNP,VI+genomic+weather,DAP,TNP VI+G+W,CV2,2,3,5172,19,0.613003826290999,1.62553289323929,
TNP,VI+genomic+weather,DAP,TNP VI+G+W,CV2,3,3,5149,19,0.616021501303795,1.65752522850689,
TNP,VI+genomic+weather,DAP,TNP VI+G+W,CV2,4,3,5139,19,0.590587449445827,1.65763124260377,
TNP,VI+genomic+weather,DAP,TNP VI+G+W,CV2,5,3,5112,19,0.529440367865747,1.73378320749366,
TNP,VI+genomic+weather,DAP,TNP VI+G+W,CV2,1,4,5147,19,0.544899881181801,1.71837776915051,
TNP,VI+genomic+weather,DAP,TNP VI+G+W,CV2,2,4,5156,19,0.614283550198492,1.62678678455007,
TNP,VI+genomic+weather,DAP,TNP VI+G+W,CV2,3,4,5121,19,0.576863441580597,1.64400385921943,
TNP,VI+genomic+weather,DAP,TNP VI+G+W,CV2,4,4,5186,19,0.631203848606123,1.60173032350294,
TNP,VI+genomic+weather,DAP,TNP VI+G+W,CV2,5,4,5174,19,0.537614480229763,1.69518431776302,
TNP,VI+genomic+weather,DAP,TNP VI+G+W,CV2,1,5,5234,19,0.648745947488466,1.59846941619549,
TNP,VI+genomic+weather,DAP,TNP VI+G+W,CV2,2,5,5142,19,0.551216697942638,1.6714846531926,
TNP,VI+genomic+weather,DAP,TNP VI+G+W,CV2,3,5,5211,19,0.619821034490334,1.59988424547548,
TNP,VI+genomic+weather,DAP,TNP VI+G+W,CV2,4,5,5249,19,0.651036866609314,1.59950344140363,
TNP,VI+genomic+weather,DAP,TNP VI+G+W,CV2,5,5,5201,19,0.594809318533556,1.64730574103339,
TNP,VI-only,DAP,TNP VI,CV1,1,1,1293,19,0.482321372295417,1.72346943161108,
TNP,VI-only,DAP,TNP VI,CV1,2,1,1262,19,0.506688071275547,1.75390166802987,
TNP,VI-only,DAP,TNP VI,CV1,3,1,1295,19,0.565672851106757,1.75729105938421,
TNP,VI-only,DAP,TNP VI,CV1,4,1,1329,19,0.453539486723914,1.81208180471719,
TNP,VI-only,DAP,TNP VI,CV1,5,1,1271,19,0.433840343717984,1.70504073065009,
TNP,VI-only,DAP,TNP VI,CV1,1,2,1301,19,0.501196721098224,1.7405206320246,
TNP,VI-only,DAP,TNP VI,CV1,2,2,1310,19,0.491271507068905,1.7301779462866,
TNP,VI-only,DAP,TNP VI,CV1,3,2,1288,19,0.495156641266847,1.6783354400333,
TNP,VI-only,DAP,TNP VI,CV1,4,2,1347,19,0.503239499013056,1.77465035361074,
TNP,VI-only,DAP,TNP VI,CV1,5,2,1318,19,0.428870866778751,1.74987133394535,
TNP,VI-only,DAP,TNP VI,CV1,1,3,1338,19,0.482367706971369,1.82301277057737,
TNP,VI-only,DAP,TNP VI,CV1,2,3,1277,19,0.464412685478657,1.70445900707336,
TNP,VI-only,DAP,TNP VI,CV1,3,3,1300,19,0.517520384792592,1.60649748597921,
TNP,VI-only,DAP,TNP VI,CV1,4,3,1310,19,0.508604926456036,1.70164133428608,
TNP,VI-only,DAP,TNP VI,CV1,5,3,1337,19,0.511789561013436,1.68696149585082,
TNP,VI-only,DAP,TNP VI,CV1,1,4,1302,19,0.518698684903822,1.72510028731259,
TNP,VI-only,DAP,TNP VI,CV1,2,4,1293,19,0.474447808704212,1.75862400744078,
TNP,VI-only,DAP,TNP VI,CV1,3,4,1328,19,0.448614672659009,1.85724900619547,
TNP,VI-only,DAP,TNP VI,CV1,4,4,1263,19,0.50643040511071,1.73237759708415,
TNP,VI-only,DAP,TNP VI,CV1,5,4,1275,19,0.490583135258803,1.78356136327487,
TNP,VI-only,DAP,TNP VI,CV1,1,5,1215,19,0.50771383393578,1.70167324494956,
TNP,VI-only,DAP,TNP VI,CV1,2,5,1307,19,0.546722908366157,1.80848926480478,
TNP,VI-only,DAP,TNP VI,CV1,3,5,1238,19,0.492689373201201,1.79539074815739,
TNP,VI-only,DAP,TNP VI,CV1,4,5,1200,19,0.435142950432451,1.71639598610537,
TNP,VI-only,DAP,TNP VI,CV1,5,5,1248,19,0.50455865227316,1.88712223957052,
TNP,VI-only,DAP,TNP VI,CV2,1,1,5156,19,0.609449731366652,1.61490843961699,
TNP,VI-only,DAP,TNP VI,CV2,2,1,5187,19,0.526002877766633,1.71965441909271,
TNP,VI-only,DAP,TNP VI,CV2,3,1,5154,19,0.564657384696133,1.63845230067428,
TNP,VI-only,DAP,TNP VI,CV2,4,1,5120,19,0.478697576297351,1.72281590875794,
TNP,VI-only,DAP,TNP VI,CV2,5,1,5178,19,0.524109776291847,1.73255151690632,
TNP,VI-only,DAP,TNP VI,CV2,1,2,5148,19,0.490192699447676,1.73651094483782,
TNP,VI-only,DAP,TNP VI,CV2,2,2,5139,19,0.568186236134241,1.68301734157606,
TNP,VI-only,DAP,TNP VI,CV2,3,2,5161,19,0.60658725991417,1.62915395758257,
TNP,VI-only,DAP,TNP VI,CV2,4,2,5102,19,0.539940110153506,1.6872218563911,
TNP,VI-only,DAP,TNP VI,CV2,5,2,5131,19,0.533302588616561,1.71364957369072,
TNP,VI-only,DAP,TNP VI,CV2,1,3,5111,19,0.560929003102466,1.652822123175,
TNP,VI-only,DAP,TNP VI,CV2,2,3,5172,19,0.575004566919678,1.67177436881737,
TNP,VI-only,DAP,TNP VI,CV2,3,3,5149,19,0.563312101530596,1.70968590123853,
TNP,VI-only,DAP,TNP VI,CV2,4,3,5139,19,0.565135477067964,1.69471515812388,
TNP,VI-only,DAP,TNP VI,CV2,5,3,5112,19,0.552079164254425,1.69941210321792,
TNP,VI-only,DAP,TNP VI,CV2,1,4,5147,19,0.525791036747189,1.73110019650832,
TNP,VI-only,DAP,TNP VI,CV2,2,4,5156,19,0.571978549021671,1.70281121926093,
TNP,VI-only,DAP,TNP VI,CV2,3,4,5121,19,0.546421678487702,1.68070866937584,
TNP,VI-only,DAP,TNP VI,CV2,4,4,5186,19,0.569234216163109,1.65881472780179,
TNP,VI-only,DAP,TNP VI,CV2,5,4,5174,19,0.512662109746547,1.72434122951086,
TNP,VI-only,DAP,TNP VI,CV2,1,5,5234,19,0.578029387547665,1.6566823775396,
TNP,VI-only,DAP,TNP VI,CV2,2,5,5142,19,0.587124407768829,1.61295057947733,
TNP,VI-only,DAP,TNP VI,CV2,3,5,5211,19,0.523480411636556,1.72298897036263,
TNP,VI-only,DAP,TNP VI,CV2,4,5,5249,19,0.575479111842352,1.66575047072039,
TNP,VI-only,DAP,TNP VI,CV2,5,5,5201,19,0.467607080088799,1.7311816950407,
TNP,VI+genomic,DAP,TNP VI+G,CV1,1,1,1293,19,0.4821441628244,1.75923876234008,
TNP,VI+genomic,DAP,TNP VI+G,CV1,2,1,1262,19,0.50198657817243,1.76543613962163,
TNP,VI+genomic,DAP,TNP VI+G,CV1,3,1,1295,19,0.541341898883689,1.79732108177218,
TNP,VI+genomic,DAP,TNP VI+G,CV1,4,1,1329,19,0.547732674317684,1.73776821975592,
TNP,VI+genomic,DAP,TNP VI+G,CV1,5,1,1271,19,0.467079294973144,1.69467701131595,
TNP,VI+genomic,DAP,TNP VI+G,CV1,1,2,1301,19,0.540095178663056,1.71287183691322,
TNP,VI+genomic,DAP,TNP VI+G,CV1,2,2,1310,19,0.524557263303749,1.7122020059614,
TNP,VI+genomic,DAP,TNP VI+G,CV1,3,2,1288,19,0.473821443338013,1.70969654125845,
TNP,VI+genomic,DAP,TNP VI+G,CV1,4,2,1347,19,0.498312763937216,1.78051073490536,
TNP,VI+genomic,DAP,TNP VI+G,CV1,5,2,1318,19,0.484408112344501,1.72050911191497,
TNP,VI+genomic,DAP,TNP VI+G,CV1,1,3,1338,19,0.539389301253424,1.74785860961379,
TNP,VI+genomic,DAP,TNP VI+G,CV1,2,3,1277,19,0.453371163813956,1.71944676467578,
TNP,VI+genomic,DAP,TNP VI+G,CV1,3,3,1300,19,0.520682278998082,1.60733015225336,
TNP,VI+genomic,DAP,TNP VI+G,CV1,4,3,1310,19,0.517644165824932,1.68435075273404,
TNP,VI+genomic,DAP,TNP VI+G,CV1,5,3,1337,19,0.476642852739892,1.70914154731161,
TNP,VI+genomic,DAP,TNP VI+G,CV1,1,4,1302,19,0.522374936742933,1.71145459897367,
TNP,VI+genomic,DAP,TNP VI+G,CV1,2,4,1293,19,0.445066597065884,1.79757394255257,
TNP,VI+genomic,DAP,TNP VI+G,CV1,3,4,1328,19,0.514226634447512,1.80175135818282,
TNP,VI+genomic,DAP,TNP VI+G,CV1,4,4,1263,19,0.519203232773483,1.75306151135252,
TNP,VI+genomic,DAP,TNP VI+G,CV1,5,4,1275,19,0.537051340511695,1.72696768038148,
TNP,VI+genomic,DAP,TNP VI+G,CV1,1,5,1215,19,0.512836237091765,1.71651875589555,
TNP,VI+genomic,DAP,TNP VI+G,CV1,2,5,1307,19,0.579204420640918,1.78294977401845,
TNP,VI+genomic,DAP,TNP VI+G,CV1,3,5,1238,19,0.503981517413,1.75228081649334,
TNP,VI+genomic,DAP,TNP VI+G,CV1,4,5,1200,19,0.433556831909613,1.72487666775725,
TNP,VI+genomic,DAP,TNP VI+G,CV1,5,5,1248,19,0.577944818139189,1.78962108757639,
TNP,VI+genomic,DAP,TNP VI+G,CV2,1,1,5156,19,0.63059272582499,1.59293340403279,
TNP,VI+genomic,DAP,TNP VI+G,CV2,2,1,5187,19,0.633958728686303,1.60546270771625,
TNP,VI+genomic,DAP,TNP VI+G,CV2,3,1,5154,19,0.601535225826377,1.6176071627572,
TNP,VI+genomic,DAP,TNP VI+G,CV2,4,1,5120,19,0.609157637192131,1.59203163085249,
TNP,VI+genomic,DAP,TNP VI+G,CV2,5,1,5178,19,0.680894090134262,1.53207946162495,
TNP,VI+genomic,DAP,TNP VI+G,CV2,1,2,5148,19,0.597203938866953,1.63397911597797,
TNP,VI+genomic,DAP,TNP VI+G,CV2,2,2,5139,19,0.649070402019417,1.57515065206802,
TNP,VI+genomic,DAP,TNP VI+G,CV2,3,2,5161,19,0.61037225625435,1.62918589707375,
TNP,VI+genomic,DAP,TNP VI+G,CV2,4,2,5102,19,0.623941372336789,1.58682803771064,
TNP,VI+genomic,DAP,TNP VI+G,CV2,5,2,5131,19,0.576682549664838,1.66397725735806,
TNP,VI+genomic,DAP,TNP VI+G,CV2,1,3,5111,19,0.651283220920969,1.5362541238237,
TNP,VI+genomic,DAP,TNP VI+G,CV2,2,3,5172,19,0.536436036650055,1.71473324343327,
TNP,VI+genomic,DAP,TNP VI+G,CV2,3,3,5149,19,0.630342972087977,1.61362429273642,
TNP,VI+genomic,DAP,TNP VI+G,CV2,4,3,5139,19,0.582504833842315,1.65660728274015,
TNP,VI+genomic,DAP,TNP VI+G,CV2,5,3,5112,19,0.557342400396173,1.6886049632074,
TNP,VI+genomic,DAP,TNP VI+G,CV2,1,4,5147,19,0.582196121552069,1.65074481380161,
TNP,VI+genomic,DAP,TNP VI+G,CV2,2,4,5156,19,0.601436565260238,1.63829041349218,
TNP,VI+genomic,DAP,TNP VI+G,CV2,3,4,5121,19,0.577049382490401,1.63709775792505,
TNP,VI+genomic,DAP,TNP VI+G,CV2,4,4,5186,19,0.628284367630016,1.5758418817433,
TNP,VI+genomic,DAP,TNP VI+G,CV2,5,4,5174,19,0.63635393963129,1.54853692022435,
TNP,VI+genomic,DAP,TNP VI+G,CV2,1,5,5234,19,0.647770881862903,1.55944107919758,
TNP,VI+genomic,DAP,TNP VI+G,CV2,2,5,5142,19,0.656237667868826,1.55171769424413,
TNP,VI+genomic,DAP,TNP VI+G,CV2,3,5,5211,19,0.590841783750401,1.64251914760664,
TNP,VI+genomic,DAP,TNP VI+G,CV2,4,5,5249,19,0.598320121368564,1.64716333266673,
TNP,VI+genomic,DAP,TNP VI+G,CV2,5,5,5201,19,0.637882182216478,1.54671267230914,
