FPC_ID,Cor,Domain,Environments,Yield_Records
FPC2_T2M_MIN,-0.637662111202421,DAP,19,10109
FPC1_SPV,-0.609821455141159,DAP,19,10109
FPC1_Soil Temperature [C],-0.594430479909169,DAP,19,10109
FPC1_GDD,-0.593450482286235,DAP,19,10109
FPC2_FRUE,-0.59205835999119,DAP,19,10109
FPC1_Temperature [C],-0.587132172581681,DAP,19,10109
FPC1_T2M_MAX,-0.567132009350131,DAP,19,10109
FPC1_FRUE,-0.564820806194101,DAP,19,10109
FPC2_T2MDEW,-0.559298232369215,DAP,19,10109
FPC1_ALLSKY_SFC_LW_DWN,-0.555822085430502,DAP,19,10109
FPC2_TH2,-0.553956027161064,DAP,19,10109
FPC3_TH1,-0.547524996099029,DAP,19,10109
FPC2_QV2M,-0.546915164370255,DAP,19,10109
FPC2_GDD,-0.543067801175207,DAP,19,10109
FPC2_T2M_MAX,-0.529933659944484,DAP,19,10109
FPC1_PTT,-0.528767459031969,DAP,19,10109
FPC1_T2M_MIN,-0.528506696453653,DAP,19,10109
FPC2_SPV,-0.524385728177973,DAP,19,10109
FPC1_T2M,-0.522353741596723,DAP,19,10109
FPC3_GWETROOT,-0.51578998559772,DAP,19,10109
FPC3_Temperature [C],-0.512963807499539,DAP,19,10109
FPC2_T2M,-0.512842103069309,DAP,19,10109
FPC1_TH1,-0.51175222686048,DAP,19,10109
FPC3_Soil Temperature [C],-0.503195436830561,DAP,19,10109
FPC1_TH2,-0.492859172301136,DAP,19,10109
FPC3_T2M,-0.484020102173137,DAP,19,10109
FPC3_TH2,-0.481006333948379,DAP,19,10109
FPC2_ALLSKY_SFC_UVB,-0.474940147532051,DAP,19,10109
FPC4_T2MDEW,-0.473679352910272,DAP,19,10109
FPC2_TH1,-0.469408233863814,DAP,19,10109
FPC2_ALLSKY_SFC_LW_DWN,-0.468744326419786,DAP,19,10109
FPC1_QV2M,-0.464860247636803,DAP,19,10109
FPC3_N,-0.452078127507754,DAP,19,10109
FPC1_ALLSKY_SFC_UVB,-0.439788363996144,DAP,19,10109
FPC1_RTA,-0.439549613727636,DAP,19,10109
FPC1_RTA.1,-0.439539647063057,DAP,19,10109
FPC2_Temperature [C],-0.429042593837276,DAP,19,10109
FPC1_FROST_DAYS,-0.42508331543835,DAP,19,10109
FPC2_PTT,-0.424467943679443,DAP,19,10109
FPC3_N.1,-0.414154323490468,DAP,19,10109
FPC1_T2MDEW,-0.391621104786451,DAP,19,10109
FPC4_TH2,-0.390563851322272,DAP,19,10109
FPC4_T2M_MIN,-0.387334387102274,DAP,19,10109
FPC3_FRUE,-0.382461084466269,DAP,19,10109
FPC4_PTT,-0.381145352855796,DAP,19,10109
FPC3_ALLSKY_SFC_LW_DWN,-0.376421723381942,DAP,19,10109
FPC2_ALLSKY_SFC_UVA,-0.362800803797867,DAP,19,10109
FPC4_TH1,-0.360608326484006,DAP,19,10109
FPC1_ALLSKY_SFC_UVA,-0.354791641020111,DAP,19,10109
FPC1_ALLSKY_SFC_PAR_TOT,-0.345379845316038,DAP,19,10109
FPC4_GDD,-0.344788536941645,DAP,19,10109
FPC3_T2M_MAX,-0.335661717492707,DAP,19,10109
FPC4_QV2M,-0.33300012579464,DAP,19,10109
FPC2_ALLSKY_SFC_PAR_TOT,-0.323066158294471,DAP,19,10109
FPC1_ETP,-0.321609694414643,DAP,19,10109
FPC1_GWETROOT,-0.319809577783013,DAP,19,10109
FPC2_ETP,-0.307635988247019,DAP,19,10109
FPC2_Soil Temperature [C],-0.297845990079091,DAP,19,10109
FPC4_VPD.1,-0.289390255640658,DAP,19,10109
FPC4_VPD,-0.289390255628198,DAP,19,10109
FPC3_ALLSKY_SFC_UVB,-0.26822942450346,DAP,19,10109
FPC2_FROST_DAYS,-0.261570726086608,DAP,19,10109
FPC1_PRECTOT,-0.255256095600773,DAP,19,10109
FPC2_ALLSKY_SFC_SW_DWN,-0.248578980534682,DAP,19,10109
FPC1_GWETTOP,-0.247899564282889,DAP,19,10109
FPC3_FROST_DAYS,-0.247657080959397,DAP,19,10109
FPC1_VPD.1,-0.241432030461793,DAP,19,10109
FPC1_VPD,-0.241432030461459,DAP,19,10109
FPC2_RTA.1,-0.207812323284674,DAP,19,10109
FPC2_RTA,-0.207808139017882,DAP,19,10109
FPC4_ALLSKY_SFC_UVB,-0.202112463583438,DAP,19,10109
FPC3_SPV,-0.201746054294877,DAP,19,10109
FPC4_ALLSKY_SFC_SW_DNI,-0.198855124311976,DAP,19,10109
FPC3_VPD,-0.181992318824343,DAP,19,10109
FPC3_VPD.1,-0.181992318755018,DAP,19,10109
FPC4_T2M,-0.170690377090622,DAP,19,10109
FPC3_P_ETP,-0.170347062601475,DAP,19,10109
FPC4_T2M_MAX,-0.160757364420148,DAP,19,10109
FPC4_FRUE,-0.157276496225247,DAP,19,10109
FPC1_RH2M,-0.138573790376476,DAP,19,10109
FPC4_Soil Temperature [C],-0.138277715367765,DAP,19,10109
FPC4_PAR_TEMP,-0.137011665885267,DAP,19,10109
FPC3_PTT,-0.134497869196437,DAP,19,10109
FPC2_n.1,-0.121742411055831,DAP,19,10109
FPC3_ALLSKY_SFC_PAR_TOT,-0.108298235332753,DAP,19,10109
FPC3_ALLSKY_SFC_UVA,-0.0929851283878769,DAP,19,10109
FPC3_QV2M,-0.0916827998496133,DAP,19,10109
FPC4_GWETTOP,-0.0758173760287283,DAP,19,10109
FPC4_GWETROOT,-0.0642708179555809,DAP,19,10109
FPC2_T2M_RANGE,-0.0584152496264056,DAP,19,10109
FPC3_T2M_RANGE,-0.0530531208482828,DAP,19,10109
FPC3_T2M_MIN,-0.0467129356469183,DAP,19,10109
FPC2_RH2M,-0.0457541398702756,DAP,19,10109
FPC4_Temperature [C],-0.0342010245721539,DAP,19,10109
FPC4_FROST_DAYS,-0.0211894186561863,DAP,19,10109
FPC3_RH2M,-0.0146403767192737,DAP,19,10109
FPC2_VPD,-0.00640593793322271,DAP,19,10109
FPC2_VPD.1,-0.00640593791209533,DAP,19,10109
FPC2_PTR,0.00857812181529993,DAP,19,10109
FPC4_ETP,0.010626088448511,DAP,19,10109
FPC1_ALLSKY_SFC_SW_DNI,0.0248927244669077,DAP,19,10109
FPC2_P_ETP,0.0253038642194355,DAP,19,10109
FPC3_T2MDEW,0.0300645138816705,DAP,19,10109
FPC4_n.1,0.0310166980315397,DAP,19,10109
FPC3_ALLSKY_SFC_SW_DNI,0.0435427519212933,DAP,19,10109
FPC1_EVPTRNS,0.0478456818790955,DAP,19,10109
FPC4_ALLSKY_SFC_PAR_TOT,0.0729191204307209,DAP,19,10109
FPC4_ALLSKY_SFC_SW_DWN,0.0729712049623834,DAP,19,10109
FPC3_ETP,0.0850380466102908,DAP,19,10109
FPC4_ALLSKY_SFC_LW_DWN,0.100184634730855,DAP,19,10109
FPC4_ALLSKY_SFC_UVA,0.10059330942025,DAP,19,10109
FPC4_WS2M,0.113642552194185,DAP,19,10109
FPC3_WS2M,0.113901980252226,DAP,19,10109
FPC3_GDD,0.114660343851598,DAP,19,10109
FPC1_n,0.121898038134108,DAP,19,10109
FPC4_EVPTRNS,0.12371444267939,DAP,19,10109
FPC3_ALLSKY_SFC_SW_DWN,0.138195435022122,DAP,19,10109
FPC4_n,0.158621648672544,DAP,19,10109
FPC3_n.1,0.167268070862956,DAP,19,10109
FPC4_T2M_RANGE,0.174615203926525,DAP,19,10109
FPC3_EVPTRNS,0.196472823465726,DAP,19,10109
FPC4_PTR,0.218582386286915,DAP,19,10109
FPC2_EVPTRNS,0.220021258495305,DAP,19,10109
FPC4_RH2M,0.240006117401139,DAP,19,10109
FPC3_n,0.246299597322202,DAP,19,10109
FPC2_ALLSKY_SFC_SW_DNI,0.249958027032822,DAP,19,10109
FPC2_N,0.266474794693983,DAP,19,10109
FPC2_N.1,0.278533496252211,DAP,19,10109
FPC4_P_ETP,0.290881060326181,DAP,19,10109
FPC2_PAR_TEMP,0.293798601596628,DAP,19,10109
FPC1_T2M_RANGE,0.296005257158781,DAP,19,10109
FPC4_SPV,0.300087205408036,DAP,19,10109
FPC2_n,0.342314562182028,DAP,19,10109
FPC1_P_ETP,0.34919372388397,DAP,19,10109
FPC3_PAR_TEMP,0.351323671139824,DAP,19,10109
FPC2_GWETTOP,0.356443557076073,DAP,19,10109
FPC2_PETP,0.359742262400499,DAP,19,10109
FPC1_ALLSKY_SFC_SW_DWN,0.360544760581876,DAP,19,10109
FPC2_GWETROOT,0.388374734869521,DAP,19,10109
FPC3_RTA,0.390223796990113,DAP,19,10109
FPC3_RTA.1,0.390324598756672,DAP,19,10109
FPC1_PETP,0.392806634906108,DAP,19,10109
FPC2_WS2M,0.436023874787019,DAP,19,10109
FPC3_GWETTOP,0.473345622259994,DAP,19,10109
FPC1_n.1,0.488083523817454,DAP,19,10109
FPC3_PTR,0.5022811217739,DAP,19,10109
FPC1_PAR_TEMP,0.506022905562973,DAP,19,10109
FPC1_WS2M,0.52046315249515,DAP,19,10109
FPC1_N.1,0.614354152892194,DAP,19,10109
FPC1_N,0.623265627540565,DAP,19,10109
FPC1_PTR,0.658512579399604,DAP,19,10109
